FighterId,FirstName,LastName,Nickname,WeightClass,BirthDate,Height,Weight,Reach,Wins,Losses,Draws,NoContests,TechnicalKnockouts,TechnicalKnockoutLosses,Submissions,SubmissionLosses,TitleWins,TitleLosses,TitleDraws,SigStrikesLandedPerMinute,SigStrikeAccuracy,TakedownAverage,SubmissionAverage,KnockoutPercentage,TechnicalKnockoutPercentage,DecisionPercentage
140000992,Chris,Daukaus,,Heavyweight,1989-09-25T00:00:00,75.0,231.0,76.0,12,3,0,0,13,3,0,1,0,0,0,10.9,65.9,0.0,0.0,32.1,32.1,0.0
140000735,Brett,Johns,The Pikey,Bantamweight,1992-02-21T00:00:00,67.0,135.0,71.0,17,3,0,0,1,0,4,0,1,0,0,2.0,53.7,3.4,0.7,0.0,0.0,13.2
140000485,Raquel,Pennington,Rocky,Women's Bantamweight,1988-09-05T00:00:00,67.0,135.0,67.0,12,9,0,0,0,0,1,0,0,0,0,0.8,27.5,0.3,0.2,0.0,0.0,16.1
140000613,Brandon,Moreno,The Assassin Baby,Flyweight,1993-12-07T00:00:00,67.0,125.0,70.0,19,5,2,0,1,0,5,0,1,0,1,1.5,32.4,0.9,0.3,1.7,1.7,5.1
140000268,Magomed,Mustafaev,The Sniper,Lightweight,1988-08-02T00:00:00,68.0,156.0,71.0,14,4,0,0,17,0,11,6,0,0,0,7.2,107.4,9.2,1.1,18.6,18.6,0.0
140000736,Chase,Sherman,The Vanilla Gorilla,Heavyweight,1989-11-16T00:00:00,76.0,256.0,78.0,15,8,0,0,24,12,0,0,0,0,0,10.8,82.6,0.0,0.0,15.0,15.0,13.0
140000267,Max,Holloway,Blessed,Featherweight,1991-12-04T00:00:00,71.0,145.0,69.0,23,6,0,0,8,0,2,1,4,2,0,5.7,42.9,0.2,0.3,24.2,24.2,24.2
140000380,Lina,Lansberg,Elbow Queen,Women's Bantamweight,1982-03-13T00:00:00,67.0,135.0,65.5,10,5,0,0,5,4,0,0,0,0,0,3.5,74.1,0.9,0.2,0.0,0.0,29.8
140000334,Raoni,Barcelos,,Bantamweight,1987-05-01T00:00:00,67.0,135.0,67.0,16,2,0,0,12,0,4,2,7,0,0,11.8,84.8,3.9,1.3,16.4,16.4,16.4
140000495,Sean,Woodson,The Sniper,Featherweight,1992-06-07T00:00:00,74.0,145.0,78.0,9,1,0,0,5,0,2,2,0,0,0,9.2,66.8,0.0,0.9,25.3,25.3,25.3
140000094,Cynthia,Calvillo,,Women's Flyweight,1987-07-13T00:00:00,64.0,126.0,64.0,9,4,1,0,1,1,2,0,0,0,0,2.1,31.4,0.9,0.5,0.0,0.0,15.2
140000584,Khadis,Ibragimov,,Light Heavyweight,1995-05-21T00:00:00,75.0,205.0,78.5,8,4,0,0,0,0,1,0,0,0,0,0.8,23.1,0.2,0.1,0.0,0.0,0.0
140000120,Michal,Oleksiejczuk,Lord,Light Heavyweight,1995-02-22T00:00:00,72.0,206.0,74.0,16,4,0,1,14,2,2,5,0,0,0,7.7,74.6,1.0,0.0,18.1,18.1,7.6
140000630,Robert,Whittaker,The Reaper,Middleweight,1990-12-20T00:00:00,72.0,186.0,73.0,24,5,0,0,1,0,1,0,0,0,0,0.5,14.8,0.1,0.0,1.9,1.9,10.2
140000013,Donald,Cerrone,Cowboy,Lightweight,1983-03-29T00:00:00,73.0,170.0,73.0,36,16,0,1,3,2,5,0,0,1,0,1.4,27.3,0.4,0.4,10.3,10.3,5.1
140001008,Jared,Gooden,Nite Train,Welterweight,1993-12-05T00:00:00,72.0,174.0,77.0,18,7,0,0,7,1,5,0,0,1,0,4.3,47.2,0.5,0.0,3.3,3.3,0.0
140000134,Cody,Stamann,The Spartan,Bantamweight,1989-11-09T00:00:00,66.0,135.0,64.0,19,4,1,0,10,0,6,3,0,0,0,11.2,92.3,7.8,0.0,0.0,0.0,34.8
140000573,Ben,Sosoli,Combat Wombat,Heavyweight,1989-12-10T00:00:00,72.0,264.0,72.5,7,3,0,2,15,2,0,0,0,0,0,5.7,49.2,0.0,0.0,0.0,0.0,0.0
140000107,Veronica,Macedo,,Women's Flyweight,1995-10-30T00:00:00,64.0,135.0,64.0,6,4,1,0,0,0,0,0,0,0,0,0.5,16.1,0.1,0.1,0.0,0.0,0.0
140000976,Cody,Durden,,Bantamweight,1991-03-29T00:00:00,67.0,125.0,67.0,11,3,1,0,1,0,1,0,0,0,0,0.7,25.8,0.8,0.2,0.0,0.0,0.0
140001072,Stephanie,Frausto,Lil' Bovy,Women's Strawweight,1990-09-20T00:00:00,62.0,115.0,61.0,8,7,0,0,5,3,3,2,0,0,0,,,,,0.0,0.0,0.0
140000551,Shana,Dobson,Danger,Women's Flyweight,1989-03-30T00:00:00,66.0,126.0,69.0,4,5,0,0,0,0,0,0,0,0,0,0.6,20.5,0.2,0.0,4.1,4.1,0.0
140000939,Aaron,Phillips,The Dragon,Bantamweight,1989-08-05T00:00:00,69.0,135.0,71.0,12,4,0,0,14,2,5,2,0,0,0,3.7,120.7,0.0,0.9,0.0,0.0,0.0
140000170,Elizeu,Zaleski dos Santos,Capoeira,Welterweight,1986-12-11T00:00:00,71.0,170.0,73.0,23,7,0,0,5,0,1,1,0,0,0,1.8,27.4,0.2,0.2,3.8,3.8,10.3
140000530,Omar,Morales,Venezuelan Fighter,Lightweight,1985-10-17T00:00:00,71.0,145.0,73.0,11,2,0,0,1,0,4,1,0,0,0,2.5,36.3,0.4,0.0,5.7,5.7,19.9
140000209,Bryce,Mitchell,Thug Nasty,Featherweight,1994-10-04T00:00:00,70.0,145.0,70.0,14,1,0,0,0,0,1,0,0,0,0,0.2,17.8,0.2,0.2,0.0,0.0,1.8
140000004,Belal,Muhammad,Remember the Name,Welterweight,1988-07-09T00:00:00,71.0,170.0,72.0,19,3,0,1,5,1,1,0,1,0,0,6.2,58.0,2.4,0.2,5.8,5.8,40.2
140000441,Claudia,Gadelha,Claudinha,Women's Strawweight,1988-12-07T00:00:00,64.0,115.0,63.0,18,5,0,0,6,0,12,0,0,3,0,9.5,86.1,8.7,1.9,0.0,0.0,44.1
140000279,Krzysztof,Jotko,,Middleweight,1989-08-19T00:00:00,73.0,185.0,77.0,23,5,0,0,4,1,1,1,0,0,0,2.1,47.1,0.8,0.1,2.5,2.5,27.0
140000616,Jack,Shore,Tank,Bantamweight,1995-02-06T00:00:00,68.0,136.0,71.0,15,0,0,0,6,0,12,0,3,0,0,6.0,76.9,6.6,1.3,0.0,0.0,16.2
140000253,Montel,Jackson,Quik,Bantamweight,1992-04-24T00:00:00,70.0,136.0,75.5,11,2,0,0,1,0,0,0,0,0,0,0.6,27.6,0.7,0.1,2.7,2.7,4.1
140000889,Nate,Landwehr,The Train,Featherweight,1988-06-06T00:00:00,69.0,145.0,72.0,15,4,0,0,2,1,0,0,1,0,0,2.0,30.9,0.1,0.3,0.0,0.0,1.6
140000009,Alonzo,Menifield,Atomic,Light Heavyweight,1987-10-18T00:00:00,72.0,204.0,76.0,11,2,0,0,2,0,0,0,0,0,0,0.8,25.1,0.1,0.1,10.3,10.3,1.5
140000604,Uriah,Hall,Prime Time,Middleweight,1984-07-31T00:00:00,72.0,185.0,79.5,18,10,0,0,15,4,1,0,2,2,0,3.8,55.3,0.6,0.2,22.3,22.3,7.7
140000043,Johnny,Walker,,Light Heavyweight,1992-03-30T00:00:00,78.0,205.0,82.0,18,6,0,0,17,4,3,1,0,0,0,4.4,75.2,0.3,0.9,18.9,18.9,5.4
140000500,Hakeem,Dawodu,Mean,Featherweight,1991-07-02T00:00:00,68.0,145.0,73.5,12,2,1,0,11,0,0,2,0,0,0,11.8,77.5,0.0,0.0,10.5,10.5,42.1
140000294,Gilbert,Burns,Durinho,Welterweight,1986-07-20T00:00:00,70.0,170.0,71.0,20,4,0,0,3,1,4,0,0,1,0,1.6,40.6,1.1,0.3,6.6,6.6,18.2
140000738,Ramazan,Emeev,Gorets,Welterweight,1987-05-23T00:00:00,70.0,170.0,76.0,20,5,0,0,1,0,3,0,2,0,0,1.1,37.4,1.0,0.3,0.0,0.0,13.4
140000182,Joe,Duffy,Irish,Lightweight,1988-02-18T00:00:00,70.0,155.0,73.0,16,5,0,0,9,2,15,5,0,0,0,6.2,52.2,2.2,1.7,11.0,11.0,11.0
140000175,Mike,Grundy,,Featherweight,1987-01-03T00:00:00,67.0,146.0,72.0,12,3,0,0,1,0,8,1,0,0,0,2.3,47.8,4.0,0.4,7.0,7.0,0.0
140000700,Marcin,Prachnio,,Light Heavyweight,1988-07-14T00:00:00,75.0,205.0,74.0,15,5,0,0,1,0,0,0,0,0,0,0.5,14.8,0.0,0.0,0.4,0.4,0.4
140000261,Nikita,Krylov,The Miner,Light Heavyweight,1992-03-07T00:00:00,75.0,205.0,77.5,27,8,0,0,12,1,18,7,1,0,0,6.0,79.9,1.9,1.9,10.1,10.1,3.9
140000919,Zhalgas,Zhumagulov,Zhako,Flyweight,1988-08-29T00:00:00,64.0,125.0,66.5,14,5,0,0,12,2,4,0,4,0,0,8.7,75.3,2.9,1.0,0.0,0.0,0.0
140000142,Robbie,Lawler,Ruthless,Welterweight,1982-03-20T00:00:00,71.0,184.0,74.0,29,15,0,0,23,2,1,7,5,5,0,4.6,57.2,0.8,0.0,32.2,32.2,17.4
140000401,Tony,Ferguson,El Cucuy,Lightweight,1984-02-12T00:00:00,71.0,156.0,76.5,26,6,0,0,19,2,14,2,5,2,0,12.5,75.2,1.0,2.7,14.6,14.6,19.5
140000358,Charles,Jourdain,Air,Featherweight,1995-11-27T00:00:00,69.0,145.0,69.0,11,4,1,0,1,0,0,0,0,0,0,0.7,18.0,0.0,0.1,1.6,1.6,0.0
140000577,Impa,Kasanganay,Tshilobo,Middleweight,1994-01-17T00:00:00,71.0,170.0,75.0,9,2,0,0,0,1,1,0,0,0,0,1.7,31.0,0.6,0.1,0.0,0.0,15.9
140000231,Enrique,Barzola,El Fuerte,Featherweight,1989-04-28T00:00:00,67.0,135.0,70.0,17,5,2,0,2,0,1,0,0,0,0,1.4,24.7,1.5,0.1,0.0,0.0,14.8
140000897,Jai,Herbert,Black Country Banger,Lightweight,1988-05-13T00:00:00,73.0,155.0,77.0,11,3,0,0,15,6,3,3,6,3,0,6.4,78.1,0.0,0.0,12.2,12.2,0.0
140000396,Calvin,Kattar,The Boston Finisher,Featherweight,1988-03-26T00:00:00,71.0,145.0,72.0,22,5,0,0,4,0,1,0,0,0,0,2.0,28.2,0.1,0.0,5.9,5.9,3.0
140000475,Kevin,Syler,El Nino Bala,Lightweight,1993-07-29T00:00:00,69.0,155.0,71.5,10,1,0,0,1,0,4,0,0,0,0,3.5,55.2,0.6,1.3,0.0,0.0,0.0
140000359,Aspen,Ladd,,Women's Bantamweight,1995-03-01T00:00:00,66.0,145.0,66.0,9,2,0,0,6,1,1,0,0,0,0,3.6,58.3,1.5,0.7,27.3,27.3,9.1
140000290,Dhiego,Lima,,Welterweight,1989-01-31T00:00:00,74.0,171.0,75.0,17,9,0,0,4,5,5,1,1,3,0,3.4,45.5,1.4,0.7,4.2,4.2,12.1
140000970,Cory,McKenna,The Hobbit,Women's Strawweight,1999-11-07T00:00:00,63.0,115.0,58.0,6,1,0,0,4,0,2,0,0,0,0,6.6,84.2,0.9,0.0,0.0,0.0,39.3
140000649,Bobby,Green,King,Lightweight,1986-09-09T00:00:00,70.0,155.0,71.0,28,12,1,0,11,3,11,3,0,0,0,8.5,68.3,2.2,0.5,7.5,7.5,24.2
140000333,Viviane,Araujo,Vivi,Women's Flyweight,1986-11-21T00:00:00,64.0,126.0,68.0,10,3,0,0,0,0,0,0,0,0,0,0.3,13.6,0.1,0.0,0.5,0.5,1.6
140000536,Oskar,Piechota,Imadlo,Welterweight,1990-01-24T00:00:00,72.0,185.0,76.0,11,3,1,1,2,0,2,1,0,0,0,1.2,36.1,0.2,0.6,2.3,2.3,2.3
140000130,Edmen,Shahbazyan,The Golden Boy,Middleweight,1997-11-20T00:00:00,74.0,185.0,74.0,11,3,0,0,2,0,0,0,0,0,0,0.7,25.3,0.6,0.1,10.3,10.3,1.7
140000891,Norma,Dumont,The Immortal,Women's Featherweight,1990-10-01T00:00:00,67.0,145.0,67.0,7,1,0,0,0,1,2,0,0,0,0,3.9,52.2,1.4,0.0,0.0,0.0,33.2
140001013,Jose,Johnson,Lobo Solitario,Bantamweight,1995-05-25T00:00:00,72.0,135.0,72.0,12,7,0,0,12,3,6,9,0,3,0,2.9,79.4,0.0,0.0,0.0,0.0,0.0
140001062,Jared,Vanderaa,The Mountain,Heavyweight,1992-05-12T00:00:00,76.0,265.0,80.0,12,6,0,0,1,0,0,0,0,0,0,0.4,16.0,0.0,0.0,0.5,0.5,0.5
140000147,Anthony,Smith,Lionheart,Light Heavyweight,1988-07-26T00:00:00,76.0,205.0,76.0,36,16,0,0,10,3,4,1,1,0,0,0.9,27.6,0.1,0.2,3.4,3.4,0.6
140001005,Carlton,Minus,Clutch,Lightweight,1993-04-26T00:00:00,70.0,159.0,75.0,10,3,0,1,1,0,0,0,0,0,0,0.9,19.9,0.0,0.0,0.0,0.0,0.0
140000987,Cheyanne,Buys,The Warrior Princess,Women's Strawweight,1995-06-25T00:00:00,63.0,116.0,63.0,6,2,0,0,2,0,0,0,0,0,0,3.5,50.6,0.4,0.0,11.2,11.2,11.2
140000320,Sarah,Moras,Cheesecake,Women's Bantamweight,1988-04-30T00:00:00,67.0,135.0,67.0,6,8,0,0,6,2,4,2,0,0,0,4.8,49.9,1.4,1.7,10.4,10.4,10.4
140000643,Corey,Anderson,Overtime,Light Heavyweight,1989-09-22T00:00:00,75.0,204.0,79.0,17,5,0,0,13,10,0,0,3,0,0,11.1,86.9,12.3,0.0,25.0,25.0,58.4
140000402,Valentina,Shevchenko,Bullet,Women's Flyweight,1988-03-07T00:00:00,65.0,124.0,66.5,22,3,0,0,13,3,12,0,12,3,0,9.0,112.8,7.3,1.0,26.8,26.8,33.5
140000654,Jessica-Rose,Clark,Jessy Jess,Women's Flyweight,1987-11-28T00:00:00,65.0,135.0,64.0,11,6,0,1,0,0,0,0,0,0,0,0.6,22.2,0.3,0.1,0.8,0.8,2.5
140000034,Jairzinho,Rozenstruik,Bigi Boy,Heavyweight,1988-03-17T00:00:00,74.0,257.0,78.0,12,3,0,0,2,0,0,0,0,0,0,0.4,19.2,0.0,0.0,14.9,14.9,0.0
140001066,Pauline,Macias,Pita,Women's Strawweight,1988-06-27T00:00:00,64.0,115.0,64.0,4,2,0,0,0,0,0,0,0,0,0,,,,,0.0,0.0,0.0
140000741,Sean,Strickland,Tarzan,Middleweight,1991-02-27T00:00:00,73.0,185.0,76.0,24,3,0,0,1,0,0,0,0,0,0,0.5,12.3,0.1,0.0,0.9,0.9,2.2
140000457,Joe,Solecki,,Lightweight,1993-08-27T00:00:00,69.0,155.0,70.5,11,3,0,0,0,0,3,0,0,0,0,1.0,45.4,1.1,0.2,0.0,0.0,5.4
140000424,Miles,Johns,Chapo,Bantamweight,1994-03-30T00:00:00,67.0,136.0,66.0,12,1,0,0,3,1,2,0,1,0,0,3.4,54.4,0.8,0.0,14.1,14.1,14.1
140000896,Austin,Lingo,Lights Out,Featherweight,1994-07-10T00:00:00,70.0,145.0,70.0,9,1,0,0,4,0,3,0,0,0,0,5.3,51.2,0.9,0.0,0.0,0.0,23.0
140000126,Polyana,Viana,Dama de Ferro,Women's Strawweight,1992-06-14T00:00:00,65.0,116.0,67.0,12,4,0,0,1,0,3,0,0,0,0,1.3,24.7,0.4,1.2,0.0,0.0,0.0
140000973,Brady,Huang,The Kung Fu Warrior,Featherweight,1992-12-16T00:00:00,69.0,135.0,69.0,11,2,0,0,8,3,6,0,0,0,0,6.5,44.5,0.0,0.0,0.0,0.0,0.0
140000928,Miranda,Maverick,Fear The,Women's Flyweight,1997-07-01T00:00:00,63.0,125.0,65.5,11,3,0,0,0,0,0,0,0,0,0,0.4,14.2,0.1,0.0,0.0,0.0,0.5
140001063,Luis,Saldana,,Featherweight,1991-01-27T00:00:00,71.0,146.0,73.0,15,7,0,0,4,1,4,1,0,0,0,2.8,39.7,0.0,0.2,2.7,2.7,2.7
140000319,Vince,Morales,Vandetta,Bantamweight,1990-11-12T00:00:00,67.0,136.0,70.0,10,5,0,0,6,1,3,3,0,0,0,5.7,46.0,0.3,0.0,0.0,0.0,15.1
140000016,Karl,Roberson,Baby K,Middleweight,1990-10-04T00:00:00,73.0,185.0,74.0,9,4,0,0,5,0,11,11,0,0,0,7.7,100.1,2.5,1.9,12.6,12.6,25.3
140000324,Serghei,Spivac,Polar Bear,Heavyweight,1995-01-24T00:00:00,75.0,239.0,78.0,13,3,0,0,2,1,3,0,0,0,0,1.8,43.5,1.3,0.1,3.0,3.0,6.1
140000154,Maurice,Greene,The Crochet Boss,Heavyweight,1986-07-05T00:00:00,79.0,237.0,80.0,9,7,0,0,5,5,13,5,0,3,0,8.4,83.9,0.0,1.1,10.0,10.0,10.0
140000638,Tanner,Boser,The Bulldozer,Heavyweight,1991-08-02T00:00:00,74.0,240.0,75.5,20,8,1,0,6,1,1,0,0,0,0,2.1,38.3,0.0,0.0,5.2,5.2,1.7
140000213,Luis,Pena,Violent Bob Ross,Lightweight,1993-07-05T00:00:00,75.0,155.0,75.0,9,3,0,0,0,0,0,0,0,0,0,0.3,14.4,0.1,0.1,0.7,0.7,2.1
140000446,Amanda,Nunes,The Lioness,Women's Bantamweight,1988-05-30T00:00:00,68.0,135.0,69.0,21,4,0,0,19,4,9,2,13,0,2,9.6,83.7,5.4,1.8,46.8,46.8,23.4
140000384,Christos,Giagos,The Spartan,Lightweight,1990-01-23T00:00:00,70.0,155.0,71.5,19,9,0,0,7,2,4,4,1,0,0,3.1,51.8,3.5,0.5,0.0,0.0,11.1
140000957,Louis,Cosce,,Welterweight,1995-08-27T00:00:00,69.0,170.0,71.0,7,1,0,0,1,0,1,0,0,0,0,2.2,25.1,0.3,0.0,0.0,0.0,0.0
140001015,Melsik,Baghdasaryan,The Gun,Featherweight,1992-01-28T00:00:00,69.0,145.0,70.0,7,1,0,0,8,0,0,2,0,0,0,9.8,81.3,0.0,0.0,16.0,16.0,32.0
140000078,Luke,Sanders,Cool Hand,Bantamweight,1985-12-12T00:00:00,66.0,145.0,67.0,13,5,0,0,11,2,5,7,5,0,0,10.1,86.3,1.7,0.6,17.0,17.0,13.1
140000242,Michael,Johnson,The Menace,Lightweight,1986-06-04T00:00:00,70.0,155.0,73.5,20,17,0,0,13,5,5,15,0,3,0,11.5,65.5,1.3,0.1,17.9,17.9,31.3
140000582,Alateng,Heili,The Mongolian Knight,Bantamweight,1991-12-14T00:00:00,65.0,136.0,66.0,14,8,2,0,10,8,8,3,0,0,0,7.1,59.9,4.5,0.0,0.0,0.0,13.4
140000921,Justin,Jaynes,The Guitar Hero,Lightweight,1989-08-10T00:00:00,67.0,145.0,68.0,16,8,0,0,1,0,1,0,0,0,0,0.6,19.2,0.1,0.2,0.7,0.7,0.0
140000508,Daniel,Rodriguez,D-Rod,Welterweight,1986-12-31T00:00:00,73.0,171.0,74.0,16,2,0,0,11,0,6,0,0,0,0,11.6,62.0,1.2,0.2,13.3,13.3,26.6
140000245,Jack,Hermansson,The Joker,Middleweight,1988-06-10T00:00:00,73.0,186.0,77.0,22,6,0,0,3,1,2,1,1,0,0,1.4,28.9,0.6,0.2,3.0,3.0,3.0
140000468,Wellington,Turman,The Prodigy,Middleweight,1996-07-22T00:00:00,72.0,185.0,72.0,17,5,0,0,9,4,10,0,0,0,0,6.7,79.1,4.9,1.2,0.0,0.0,13.5
140000014,Alexander,Hernandez,The Great,Lightweight,1992-10-01T00:00:00,69.0,155.0,72.0,13,4,0,0,1,0,0,0,0,0,0,0.7,18.2,0.3,0.0,3.4,3.4,2.3
140000923,Roman,Dolidze,,Light Heavyweight,1988-07-15T00:00:00,74.0,185.0,76.0,9,1,0,0,1,0,1,0,0,0,0,0.7,33.3,0.8,0.4,2.9,2.9,10.8
140000471,Germaine,de Randamie,The Iron Lady,Women's Bantamweight,1984-04-24T00:00:00,69.0,135.0,71.0,10,4,0,0,4,1,1,1,1,1,0,2.6,58.5,0.0,0.4,27.9,27.9,27.9
140000771,Austin,Springer,,Featherweight,1987-05-12T00:00:00,68.0,151.0,71.0,12,4,0,0,8,1,2,2,0,0,0,4.1,61.9,3.9,1.0,0.0,0.0,0.0
140000012,Ariane,Lipski,Queen of Violence,Women's Flyweight,1994-01-26T00:00:00,66.0,126.0,67.0,14,7,0,0,2,1,1,0,1,0,0,0.9,25.2,0.0,0.1,0.0,0.0,2.5
140000298,Andrei,Arlovski,The Pitbull,Heavyweight,1979-02-04T00:00:00,75.0,245.0,77.0,32,20,0,2,24,16,6,4,8,4,0,7.4,70.5,0.9,0.5,29.0,29.0,26.4
140000948,Kenneth,Cross,The Boss,Lightweight,1994-10-04T00:00:00,72.0,155.0,72.0,12,3,0,0,12,0,12,9,0,0,0,6.4,98.7,2.9,0.0,0.0,0.0,0.0
140000617,Giga,Chikadze,,Featherweight,1988-08-25T00:00:00,72.0,145.0,74.0,14,2,0,0,10,0,2,1,0,0,0,4.6,51.9,0.4,0.4,20.7,20.7,27.6
140000176,Molly,McCann,Meatball,Women's Flyweight,1990-05-04T00:00:00,64.0,125.0,62.0,11,4,0,0,8,0,0,2,2,0,0,11.7,75.8,3.5,1.3,0.0,0.0,38.4
140000712,Brian,Ortega,T-City,Featherweight,1991-02-21T00:00:00,68.0,144.0,69.0,15,2,0,1,1,0,2,0,0,0,0,1.0,19.3,0.2,0.3,4.0,4.0,1.3
140000978,Vince,Cachero,The Anomaly,Featherweight,1989-11-07T00:00:00,66.0,135.0,68.0,7,4,0,0,2,2,2,0,0,1,0,2.8,51.9,0.0,0.5,0.0,0.0,0.0
140000952,Uros,Medic,The Doctor,Lightweight,1993-04-25T00:00:00,73.0,156.0,71.0,7,1,0,0,13,0,5,3,0,0,0,16.9,123.4,0.0,0.0,40.2,40.2,0.0
140000562,Mallory,Martin,,Women's Strawweight,1994-01-29T00:00:00,64.0,115.0,63.0,7,4,0,0,1,0,1,1,0,0,0,1.3,34.5,1.1,0.2,0.0,0.0,0.0
140000045,Charles,Oliveira,do Bronx,Lightweight,1989-10-17T00:00:00,70.0,155.0,74.0,31,8,0,1,1,0,2,0,0,0,0,0.4,20.9,0.3,0.3,0.9,0.9,0.6
140001070,Taylor,Moore,,Bantamweight,1993-10-16T00:00:00,70.0,135.0,70.0,10,5,0,0,1,0,0,0,0,0,0,,,,,0.0,0.0,0.0
140000711,Sean,O'Malley,Sugar,Bantamweight,1994-10-24T00:00:00,71.0,135.0,72.0,14,1,0,0,8,1,1,0,0,0,0,6.2,54.7,0.5,0.5,29.0,29.0,11.6
140000679,Douglas,Silva de Andrade,D'Silva,Featherweight,1985-06-22T00:00:00,67.0,135.0,68.5,27,4,0,1,4,0,0,0,0,0,0,0.8,18.9,0.1,0.0,1.3,1.3,2.0
140000905,Umar,Nurmagomedov,,Bantamweight,1996-03-01T00:00:00,68.0,136.0,69.0,13,0,0,0,0,0,1,0,0,0,0,0.3,18.8,0.8,0.2,0.0,0.0,0.0
140000169,Niko,Price,The Hybrid,Welterweight,1989-09-29T00:00:00,72.0,170.0,76.0,15,5,0,2,1,0,0,0,0,0,0,0.6,16.4,0.1,0.1,2.1,2.1,0.5
140000352,Zak,Cummings,,Middleweight,1984-08-02T00:00:00,72.0,185.0,75.0,24,7,0,0,3,0,7,1,0,1,0,1.4,28.5,0.4,0.4,1.7,1.7,7.0
140000017,Paige,VanZant,12 Gauge,Women's Flyweight,1994-03-26T00:00:00,64.0,125.0,65.0,8,5,0,0,3,0,4,4,0,0,0,5.0,63.4,1.9,1.4,18.7,18.7,11.4
140000305,Ion,Cutelaba,The Hulk,Light Heavyweight,1993-12-14T00:00:00,73.0,205.0,75.0,16,6,1,1,1,0,0,0,0,0,0,0.4,13.7,0.4,0.0,1.1,1.1,0.7
140000179,Danny,Henry,The Hatchet,Featherweight,1988-07-17T00:00:00,72.0,145.0,73.0,12,4,0,0,6,0,6,3,0,0,0,6.6,58.4,0.9,2.8,0.0,0.0,7.9
140000131,Diego,Sanchez,Nightmare,Welterweight,1981-12-31T00:00:00,70.0,170.0,72.0,31,13,0,0,8,3,5,0,1,1,0,2.1,39.6,1.2,0.6,12.0,12.0,26.0
140000819,Mauricio,Rua,Shogun,Light Heavyweight,1981-11-25T00:00:00,73.0,205.0,76.0,27,12,1,0,32,14,2,7,5,5,0,8.4,93.2,5.0,1.8,80.5,80.5,19.2
140000374,Bea,Malecki,Bad News Barbie,Women's Bantamweight,1991-08-23T00:00:00,69.0,135.0,74.0,4,1,0,0,2,2,4,0,0,0,0,12.4,70.0,0.0,2.0,0.0,0.0,26.9
140000842,Mayra,Bueno Silva,Sheetara,Women's Flyweight,1991-08-22T00:00:00,66.0,125.0,66.5,7,2,1,0,0,0,1,0,0,0,0,0.9,30.9,0.0,0.3,0.0,0.0,0.0
140000620,Nicolas,Dalby,Danish Dynamite,Welterweight,1984-11-16T00:00:00,71.0,170.0,74.5,19,4,1,2,7,0,4,0,3,0,1,3.6,49.1,1.4,0.0,0.0,0.0,12.1
140000427,Kyle,Daukaus,,Middleweight,1993-02-27T00:00:00,75.0,185.0,76.0,10,2,0,1,0,0,11,0,2,0,0,5.6,88.1,3.3,3.3,0.0,0.0,20.4
140000262,Alan,Jouban,Brahma,Welterweight,1981-11-25T00:00:00,72.0,170.0,73.5,17,7,0,0,17,8,0,3,0,3,0,14.3,82.9,1.3,0.7,26.5,26.5,26.5
140000421,Chan Sung,Jung,The Korean Zombie,Featherweight,1987-03-17T00:00:00,67.0,146.0,72.0,17,6,0,0,16,8,13,0,0,3,0,10.7,81.4,2.2,1.9,28.3,28.3,11.5
140000211,Maycee,Barber,The Future,Women's Flyweight,1998-05-18T00:00:00,65.0,125.0,65.0,9,2,0,0,2,0,1,0,0,0,0,2.0,34.1,0.6,0.1,24.0,24.0,4.0
140000628,Jake,Matthews,The Celtic Kid,Welterweight,1994-08-19T00:00:00,71.0,169.0,73.0,17,5,0,0,8,2,14,6,0,0,0,6.1,77.6,3.9,1.2,0.0,0.0,32.4
140000394,Yan,Xiaonan,Nine,Women's Strawweight,1989-06-16T00:00:00,65.0,116.0,63.0,13,2,0,1,0,0,0,0,0,0,0,0.6,15.1,0.1,0.0,0.0,0.0,11.8
140000449,Jonathan,Pearce,JSP,Lightweight,1992-05-01T00:00:00,72.0,145.0,71.0,11,4,0,0,11,2,4,4,0,0,0,13.9,89.9,10.3,2.0,19.1,19.1,0.0
140000559,Daniel,Cormier,DC,Heavyweight,1979-03-20T00:00:00,71.0,236.0,72.5,22,3,0,1,7,1,3,0,5,2,1,2.8,51.7,1.2,0.3,25.0,25.0,21.8
140000056,Jalin,Turner,The Tarantula,Lightweight,1995-05-18T00:00:00,75.0,156.0,77.0,11,5,0,0,12,7,7,0,0,0,0,14.1,77.8,2.2,4.4,18.8,18.8,0.0
140000125,Hannah,Cifers,Shockwave,Women's Strawweight,1992-06-26T00:00:00,61.0,117.0,62.0,10,7,0,0,14,6,0,11,0,0,0,14.0,87.8,0.7,0.7,0.0,0.0,19.7
140001056,Carlos,Ulberg,Black Jag,Light Heavyweight,1990-11-17T00:00:00,76.0,205.0,77.0,5,1,0,0,4,1,1,0,0,0,0,17.3,71.9,0.0,0.0,19.1,19.1,0.0
140000121,Stefan,Struve,Skyscraper,Heavyweight,1988-02-18T00:00:00,83.0,265.0,84.5,33,13,0,0,13,14,29,3,0,0,0,7.9,75.7,1.4,4.3,17.3,17.3,11.1
140000484,Gabriel,Silva,,Bantamweight,1994-08-26T00:00:00,66.0,135.0,71.0,8,2,0,0,1,0,0,0,0,0,0,0.4,31.2,0.5,0.2,0.0,0.0,0.0
140000621,Mark O.,Madsen,The Olympian,Lightweight,1984-09-23T00:00:00,68.0,156.0,72.0,11,0,0,0,0,0,0,0,0,0,0,0.4,15.5,0.4,0.0,0.9,0.9,1.8
140000039,Markus,Perez,Maluko,Middleweight,1988-06-22T00:00:00,73.0,186.0,73.0,12,6,0,0,4,1,8,0,1,0,0,3.5,55.0,1.1,1.4,0.0,0.0,0.0
140000349,Jessica,Andrade,Bate Estaca,Women's Strawweight,1991-09-25T00:00:00,61.0,126.0,62.0,22,9,0,0,15,12,12,6,3,9,0,10.7,98.7,8.6,1.1,27.7,27.7,33.2
140000436,Journey,Newson,,Bantamweight,1989-03-07T00:00:00,65.0,135.0,67.5,9,3,0,1,2,1,2,0,0,0,0,1.8,26.6,0.0,0.6,0.0,0.0,0.0
140000901,David,Dvorak,Undertaker,Flyweight,1992-06-05T00:00:00,65.0,126.0,68.0,20,3,0,0,1,0,1,0,0,0,0,0.5,17.4,0.0,0.1,0.0,0.0,1.0
140000412,Eric,Spicely,Zebrinha,Middleweight,1986-09-29T00:00:00,73.0,185.0,73.0,12,7,0,0,3,3,5,2,0,0,0,2.9,40.2,1.0,0.8,0.0,0.0,0.0
140000982,Oron,Kahlon,,Featherweight,1984-11-04T00:00:00,68.0,139.0,70.0,16,1,0,0,1,0,2,0,0,0,0,0.2,27.6,0.0,0.0,0.0,0.0,0.0
140000413,Deron,Winn,,Middleweight,1989-06-13T00:00:00,66.0,185.0,70.0,7,2,0,0,11,0,0,3,0,0,0,13.3,88.8,14.0,0.0,0.0,0.0,37.2
140000161,Anthony Rocco,Martin,,Welterweight,1989-12-11T00:00:00,72.0,170.0,73.0,17,6,0,0,2,0,13,4,0,0,0,5.7,54.3,1.5,2.2,9.3,9.3,31.7
140000867,Conor,McGregor,The Notorious,Lightweight,1988-07-14T00:00:00,69.0,156.0,74.0,22,6,0,0,28,4,2,9,11,2,0,11.4,82.5,1.4,0.3,41.8,41.8,10.4
140000157,Julian,Erosa,Juicy J,Featherweight,1989-07-31T00:00:00,73.0,150.0,74.5,26,10,0,0,14,9,15,0,0,2,0,8.8,64.7,2.3,1.4,8.8,8.8,4.4
140001071,Danny,Sabatello,Italian Gangster,Bantamweight,1993-03-31T00:00:00,70.0,135.0,71.0,11,1,0,0,0,0,0,0,0,0,0,,,,,0.0,0.0,0.0
140000924,Mounir,Lazzez,The Sniper,Welterweight,1987-11-16T00:00:00,73.0,171.0,76.0,10,2,0,0,13,3,0,0,0,0,0,15.0,96.2,9.0,0.0,0.0,0.0,13.5
140000287,Alistair,Overeem,The Demolition Man,Heavyweight,1980-05-17T00:00:00,76.0,255.0,80.0,47,19,0,0,34,20,23,2,4,2,0,6.7,97.9,2.6,1.5,38.3,38.3,10.1
140000146,Jon,Jones,Bones,Light Heavyweight,1987-07-19T00:00:00,76.0,205.0,84.5,26,1,0,1,4,0,3,0,6,0,0,1.8,41.0,0.8,0.2,11.7,11.7,23.4
140000997,Jacob,Silva,Lil Animal,Flyweight,1988-02-23T00:00:00,65.0,125.0,67.0,6,5,0,0,13,3,3,5,0,0,0,14.4,72.4,5.2,0.0,0.0,0.0,0.0
140000420,Randy,Brown,Rudeboy,Welterweight,1990-07-08T00:00:00,75.0,170.0,78.0,14,4,0,0,9,3,8,2,0,0,0,6.4,64.1,1.3,0.9,13.7,13.7,20.6
140000288,Aleksei,Oleinik,The Boa Constrictor,Heavyweight,1977-06-20T00:00:00,74.0,228.0,80.0,59,16,1,0,3,4,29,1,0,0,0,1.5,41.3,0.9,0.9,0.5,0.5,0.5
140000093,Cortney,Casey,Cast Iron,Women's Flyweight,1987-05-05T00:00:00,67.0,125.0,67.0,10,9,0,0,2,0,3,1,0,0,0,3.0,40.0,0.2,0.3,3.6,3.6,13.0
140000250,Poliana,Botelho,,Women's Flyweight,1988-12-15T00:00:00,68.0,125.0,67.0,8,4,0,0,2,0,0,0,0,0,0,1.2,46.6,0.4,0.0,3.4,3.4,10.7
140000460,Darren,Elkins,The Damage,Featherweight,1984-05-16T00:00:00,70.0,146.0,71.0,27,9,0,0,11,4,6,1,0,0,0,4.2,60.9,3.2,1.4,12.2,12.2,30.6
140000980,Johnny,Munoz,Kid Kvenbo,Featherweight,1993-02-16T00:00:00,69.0,135.0,71.0,11,1,0,0,6,0,12,0,0,0,0,8.0,102.1,7.6,7.6,0.0,0.0,0.0
140000903,Alexandr,Romanov,King Kong,Heavyweight,1990-12-11T00:00:00,74.0,260.0,75.0,15,0,0,0,2,0,3,0,0,0,0,1.6,34.5,2.0,0.5,2.4,2.4,2.4
140000533,Raphael,Pessoa,Bebezao,Heavyweight,1989-03-09T00:00:00,75.0,264.0,78.0,10,2,0,0,10,3,3,3,0,0,0,6.3,49.6,0.0,0.0,0.0,0.0,14.2
140000864,Luigi,Vendramini,The Italian Stallion,Welterweight,1996-01-16T00:00:00,68.0,155.0,73.0,9,3,0,0,6,2,4,0,0,0,0,3.1,48.9,1.2,0.6,9.2,9.2,0.0
140000899,Josh,Culibao,Kuya,Lightweight,1994-05-24T00:00:00,70.0,146.0,73.0,9,1,1,0,8,2,0,0,0,0,0,4.7,63.2,0.0,0.6,0.0,0.0,11.5
140000395,Ricardo,Lamas,The Bully,Featherweight,1982-05-21T00:00:00,68.0,145.0,71.0,20,8,0,0,3,3,3,0,0,1,0,1.7,35.3,1.0,0.5,13.3,13.3,18.7
140000376,Frank,Camacho,The Crank,Lightweight,1989-05-18T00:00:00,70.0,155.0,73.0,22,9,0,0,19,6,2,2,0,0,0,8.1,57.8,1.4,0.0,3.9,3.9,3.9
140000228,Gerald,Meerschaert,GM3,Middleweight,1987-12-18T00:00:00,73.0,185.0,77.5,33,14,0,0,1,0,2,1,0,0,0,0.3,15.5,0.2,0.2,0.2,0.2,0.0
140001085,Natan,Levy,,Lightweight,1991-09-30T00:00:00,69.0,155.0,71.0,6,0,0,0,0,0,9,0,0,0,0,4.9,128.0,8.2,8.2,0.0,0.0,0.0
140000168,Tim,Means,The Dirty Bird,Welterweight,1984-02-20T00:00:00,74.0,170.0,75.0,32,12,1,1,19,2,5,5,0,0,0,5.3,55.7,1.0,0.2,11.1,11.1,15.5
140000322,Marc-Andre,Barriault,Power Bar,Middleweight,1990-02-18T00:00:00,73.0,185.0,74.0,13,4,0,1,14,0,0,0,7,0,0,13.4,75.6,0.8,0.0,12.8,12.8,12.8
140000073,Anderson,Silva,The Spider,Middleweight,1975-04-14T00:00:00,74.0,185.0,77.0,34,11,0,1,3,0,0,0,1,0,0,0.4,21.7,0.1,0.1,14.5,14.5,2.2
140001055,Bruno,Oliveira,,Light Heavyweight,1984-05-02T00:00:00,76.0,205.0,80.0,8,3,0,0,12,4,2,2,0,0,0,,,,,0.0,0.0,0.0
140000913,Melissa,Gatto,,Women's Bantamweight,1996-02-05T00:00:00,65.0,124.0,69.0,7,0,2,0,2,0,8,0,0,0,0,13.5,90.1,2.9,0.0,0.0,0.0,0.0
140001074,Nikolas,Motta,Iron,Lightweight,1993-02-08T00:00:00,69.0,155.0,70.0,12,3,0,0,11,4,0,2,0,0,0,5.3,37.8,0.0,0.0,0.0,0.0,12.6
140001022,Drako,Rodriguez,The Great Drakolini,Bantamweight,1996-06-16T00:00:00,68.0,136.0,69.0,7,3,0,0,5,5,11,0,0,0,0,9.2,67.4,8.0,2.0,0.0,0.0,0.0
140000118,Lucie,Pudilova,Bullet,Women's Bantamweight,1994-06-13T00:00:00,68.0,125.0,67.5,8,6,0,0,5,0,5,2,0,0,0,9.8,66.7,0.4,1.5,0.0,0.0,21.9
140000918,Jiri,Prochazka,Denisa,Light Heavyweight,1992-10-14T00:00:00,75.0,205.0,80.0,28,3,1,0,28,3,3,1,3,0,0,9.1,59.4,1.2,0.0,7.9,7.9,0.0
140000280,Alen,Amedovski,,Middleweight,1988-04-06T00:00:00,70.0,186.0,74.0,8,2,0,0,1,0,0,0,0,0,0,0.0,1.9,0.0,0.0,0.0,0.0,0.0
140000418,Anderson,Dos Santos,Berinja,Featherweight,1985-07-24T00:00:00,65.0,135.0,70.0,21,9,0,0,5,4,12,2,1,0,0,2.5,30.4,0.9,0.6,0.0,0.0,0.0
140000785,Josh,Parisian,,Heavyweight,1989-06-28T00:00:00,76.0,266.0,79.0,14,4,0,0,2,0,0,0,0,0,0,1.0,20.9,0.1,0.1,1.7,1.7,0.8
140001039,Roque,Martinez,,Heavyweight,1986-03-04T00:00:00,70.0,249.0,72.0,15,8,2,0,5,1,2,1,0,0,0,2.1,59.2,0.2,0.2,0.0,0.0,0.0
140000071,Lando,Vannata,Groovy,Lightweight,1992-03-14T00:00:00,69.0,146.0,71.0,12,5,2,0,2,0,2,0,0,0,0,2.0,30.8,0.5,0.1,2.2,2.2,4.4
140000172,Junior,Dos Santos,Cigano,Heavyweight,1984-01-30T00:00:00,76.0,246.0,77.0,21,9,0,0,2,1,0,0,0,0,0,0.5,16.5,0.0,0.0,11.1,11.1,1.8
140001018,Al,Matavao,Sweetness,Middleweight,1994-02-23T00:00:00,68.0,205.0,67.5,8,4,0,0,14,9,3,3,0,0,0,13.3,78.9,0.0,0.0,0.0,0.0,0.0
140000271,Shamil,Abdurakhimov,Abrek,Heavyweight,1981-09-02T00:00:00,75.0,258.0,76.0,20,6,0,0,2,1,1,0,0,0,0,0.5,24.7,0.2,0.0,1.6,1.6,2.4
140000907,Dominick,Cruz,The Dominator,Bantamweight,1985-03-09T00:00:00,68.0,136.0,68.0,23,3,0,0,10,1,1,1,10,4,0,5.0,46.7,4.1,0.1,5.2,5.2,49.3
140000521,Colby,Covington,Chaos,Welterweight,1988-02-22T00:00:00,71.0,169.0,72.0,16,3,0,0,4,1,7,1,1,3,0,6.1,61.3,6.1,0.2,19.2,19.2,38.4
140000942,Niklas,Stolze,Green Mask,Welterweight,1992-12-28T00:00:00,72.0,170.0,75.0,12,5,0,0,3,1,4,0,0,0,0,1.8,43.5,0.7,0.0,0.0,0.0,0.0
140000065,Sam,Alvey,Smile'N,Light Heavyweight,1986-05-06T00:00:00,74.0,185.0,75.5,33,16,1,1,3,0,0,0,0,0,0,0.5,21.1,0.0,0.0,1.6,1.6,1.3
140001031,Danyelle,Wolf,,Women's Featherweight,1983-09-08T00:00:00,71.0,145.0,70.0,1,0,0,0,0,0,0,0,0,0,0,0.6,14.4,0.0,0.2,0.0,0.0,42.3
140001080,Chelsea,Hackett,Hammer,Women's Strawweight,1998-08-16T00:00:00,64.0,125.0,66.0,3,1,1,0,3,3,0,0,0,0,0,,,,,0.0,0.0,0.0
140000417,Alessio,Di Chirico,Manzo,Middleweight,1989-12-12T00:00:00,72.0,185.0,74.0,13,6,0,0,1,0,1,0,0,0,0,0.8,21.9,0.4,0.0,2.4,2.4,2.4
140000230,Kevin,Aguilar,Angel of Death,Featherweight,1988-09-07T00:00:00,67.0,145.0,73.0,17,5,0,0,5,1,1,0,2,1,0,2.0,33.2,0.1,0.0,0.0,0.0,6.8
140000626,Zarah,Fairn,Infinite,Women's Featherweight,1983-12-10T00:00:00,68.0,135.0,72.0,6,4,0,0,1,0,0,0,0,0,0,0.3,22.9,0.0,0.0,0.0,0.0,0.0
140000874,Julija,Stoliarenko,,Women's Featherweight,1993-04-08T00:00:00,67.0,135.0,66.0,9,6,1,0,0,0,1,0,0,0,0,0.2,12.6,0.0,0.0,0.0,0.0,0.0
140000433,Dequan,Townsend,The Tarantula,Middleweight,1986-05-11T00:00:00,75.0,185.0,79.0,21,12,0,0,19,5,13,3,0,0,0,3.2,56.1,0.0,0.0,0.0,0.0,0.0
140000388,Alexander,Gustafsson,The Mauler,Light Heavyweight,1987-01-15T00:00:00,77.0,240.0,79.0,18,7,0,0,6,1,2,2,0,2,0,2.2,30.0,0.8,0.2,14.8,14.8,6.6
140000387,Aleksandar,Rakic,,Light Heavyweight,1992-02-06T00:00:00,76.0,206.0,78.0,14,2,0,0,13,0,2,2,0,0,0,8.8,96.5,1.6,0.4,18.0,18.0,36.1
140000145,Kamaru,Usman,Nigerian Nightmare,Welterweight,1987-05-11T00:00:00,72.0,169.0,76.0,20,1,0,0,16,0,3,3,12,0,0,14.2,112.5,9.1,0.4,33.2,33.2,83.0
140000248,Randy,Costa,The Zohan,Bantamweight,1994-07-06T00:00:00,69.0,135.0,73.0,6,2,0,0,10,3,0,3,0,0,0,15.0,81.8,0.0,0.0,43.4,43.4,0.0
140000601,Khabib,Nurmagomedov,The Eagle,Lightweight,1988-09-20T00:00:00,70.0,155.0,70.0,29,0,0,0,14,0,19,0,12,0,0,12.5,101.3,16.3,2.4,12.1,12.1,36.2
140000227,Casey,Kenney,,Bantamweight,1991-03-20T00:00:00,67.0,136.0,68.0,16,4,1,0,2,0,5,0,3,0,0,5.0,44.8,1.1,0.4,0.0,0.0,24.1
140000552,Drakkar,Klose,,Lightweight,1988-03-09T00:00:00,69.0,156.0,70.0,11,2,1,0,6,2,0,0,0,0,0,5.8,75.9,2.3,0.0,0.0,0.0,43.7
140000345,Irene,Aldana,,Women's Bantamweight,1988-03-26T00:00:00,69.0,135.0,68.5,13,6,0,0,1,0,1,0,0,0,0,1.1,18.6,0.0,0.0,2.0,2.0,3.0
140000018,Rachael,Ostovich,,Women's Flyweight,1991-02-25T00:00:00,63.0,125.0,62.0,4,6,0,0,0,5,4,5,0,0,0,4.5,62.5,3.6,1.4,0.0,0.0,0.0
140000915,Zarrukh,Adashev,The Lion,Flyweight,1992-07-29T00:00:00,65.0,125.0,65.0,4,3,0,0,2,1,0,1,0,0,0,4.2,44.1,0.0,0.6,0.0,0.0,15.6
140001011,Cody,Brundage,,Light Heavyweight,1994-05-16T00:00:00,72.0,185.0,72.0,6,2,0,0,1,0,0,0,0,0,0,0.7,33.7,0.2,0.2,0.0,0.0,0.0
140000434,Dalcha,Lungiambula,Champion,Light Heavyweight,1987-07-31T00:00:00,68.0,185.0,76.0,11,3,0,0,13,3,3,3,0,0,0,7.9,85.5,5.5,0.0,11.7,11.7,11.7
140000274,Alex,Da Silva,Leko,Lightweight,1996-02-04T00:00:00,68.0,155.0,73.0,21,3,0,0,16,0,10,1,0,0,0,3.0,55.7,3.9,0.6,0.0,0.0,6.0
140000589,Wu,Yanan,Mulan,Women's Flyweight,1996-04-18T00:00:00,68.0,135.0,66.0,11,4,0,0,1,0,0,0,0,0,0,0.8,21.6,0.1,0.1,0.0,0.0,0.0
140000096,Paul,Felder,The Irish Dragon,Lightweight,1984-04-25T00:00:00,71.0,156.0,70.0,17,6,0,0,2,0,0,0,0,0,0,0.6,20.3,0.0,0.0,2.9,2.9,2.9
140000979,Ali,AlQaisi,The Royal Fighter,Bantamweight,1990-09-23T00:00:00,66.0,136.0,68.0,8,5,0,0,3,0,11,3,0,0,0,6.5,69.6,9.4,2.7,0.0,0.0,0.0
140000104,Ismail,Naurdiev,The Austrian Wonderboy,Welterweight,1996-08-18T00:00:00,70.0,170.0,74.0,19,5,0,0,10,1,5,1,0,0,0,2.9,50.5,1.1,0.2,0.0,0.0,7.9
140000598,Zubaira,Tukhugov,Warrior,Featherweight,1991-01-15T00:00:00,68.0,146.0,68.0,20,5,1,0,12,3,3,3,0,0,0,8.0,67.7,6.7,0.0,12.7,12.7,19.0
140000156,Grant,Dawson,KGD,Featherweight,1994-02-20T00:00:00,70.0,156.0,72.0,17,1,1,0,8,2,15,0,0,0,0,5.8,86.5,6.3,2.5,9.9,9.9,14.4
140001079,Victoria,Leonardo,Fury,Women's Flyweight,1990-02-16T00:00:00,65.0,125.0,64.0,8,5,0,0,0,1,2,0,0,0,0,1.7,32.6,0.7,0.0,3.4,3.4,0.0
140000015,Glover,Teixeira,,Light Heavyweight,1979-10-28T00:00:00,74.0,205.0,76.0,33,7,0,0,17,3,8,0,1,1,0,3.2,54.2,1.8,0.9,16.1,16.1,6.4
140000962,Mikey,Gonzalez,Rolls,Lightweight,1985-08-13T00:00:00,71.0,155.0,74.0,7,2,0,0,4,1,1,0,0,0,0,0.8,15.9,0.0,0.0,0.0,0.0,0.0
140000164,Drew,Dober,,Lightweight,1988-10-19T00:00:00,68.0,154.0,70.0,23,11,0,1,6,1,3,2,0,0,0,2.5,35.3,0.5,0.1,12.9,12.9,4.8
140000623,Ji Yeon,Kim,Firefist,Women's Flyweight,1989-10-18T00:00:00,67.0,126.0,72.0,9,4,2,0,5,0,7,0,0,0,0,11.6,58.2,0.0,0.0,10.1,10.1,20.2
140000902,Jake,Collier,The Prototype,Light Heavyweight,1988-10-25T00:00:00,75.0,264.0,78.0,12,6,0,0,3,2,2,1,1,0,0,3.1,34.5,0.3,0.2,3.2,3.2,12.6
140000635,Diana,Belbita,The Warrior Princess,Women's Bantamweight,1996-06-26T00:00:00,67.0,115.0,68.0,14,6,0,0,3,0,2,2,0,1,0,3.7,35.4,0.5,0.0,0.0,0.0,2.7
140001033,Korey,Kuppe,The Womanizer,Welterweight,1989-01-23T00:00:00,77.0,170.0,77.0,8,4,0,0,3,5,11,0,0,0,0,1.9,119.3,0.0,2.6,0.0,0.0,0.0
140000419,Andre,Ewell,Mr. Highlight,Featherweight,1988-01-21T00:00:00,68.0,145.0,75.0,17,8,0,0,5,1,3,2,1,0,0,3.2,36.2,0.2,0.1,0.0,0.0,13.6
140001000,Alejandro,Flores,El Gallito,Featherweight,1991-08-06T00:00:00,69.0,145.0,74.0,19,3,0,0,12,2,4,4,0,0,0,7.1,56.7,0.0,0.0,0.0,0.0,0.0
140000461,Ryan,Hall,The Wizard,Featherweight,1985-02-22T00:00:00,70.0,145.0,70.5,8,2,0,0,0,0,0,0,0,0,0,0.2,16.1,0.0,0.1,0.0,0.0,2.0
140000961,Nate,Maness,Mayhem,Bantamweight,1991-06-27T00:00:00,70.0,135.0,72.0,14,1,0,0,1,0,1,0,0,0,0,0.9,38.6,0.5,0.2,2.0,2.0,2.0
140000342,Rogerio,Nogueira,Minotouro,Light Heavyweight,1976-06-02T00:00:00,74.0,205.0,75.0,23,10,0,0,12,8,13,0,0,0,0,5.0,50.5,1.4,1.7,35.2,35.2,30.8
140000295,Mike,Davis,Beast Boy,Lightweight,1992-10-07T00:00:00,72.0,155.0,72.5,9,2,0,0,5,0,1,1,0,0,0,4.2,45.8,0.5,0.0,6.4,6.4,6.4
140000627,Justin,Tafa,Bad Man,Heavyweight,1993-12-13T00:00:00,72.0,266.0,74.0,4,3,0,0,0,0,0,0,0,0,0,0.3,15.1,0.0,0.0,0.9,0.9,0.0
140000487,Dan,Hooker,The Hangman,Lightweight,1990-02-13T00:00:00,72.0,156.0,75.0,21,11,0,0,10,2,7,3,0,0,0,4.8,54.8,0.9,0.2,18.6,18.6,9.2
140000368,Rafael,Dos Anjos,,Welterweight,1984-10-26T00:00:00,68.0,156.0,70.0,30,13,0,0,7,3,12,1,3,3,0,5.1,65.8,2.8,0.9,11.3,11.3,31.0
140000289,Court,McGee,The Crusher,Welterweight,1984-12-12T00:00:00,71.0,171.0,75.0,21,10,0,0,1,0,2,0,0,0,0,1.3,23.1,0.5,0.1,0.0,0.0,11.9
140000971,Vanessa,Demopoulos,Lil' Monster,Women's Strawweight,1988-09-22T00:00:00,62.0,125.0,59.5,6,4,0,0,2,0,5,0,2,2,0,5.0,59.0,0.0,1.6,0.0,0.0,0.0
140000303,Roosevelt,Roberts,The Predator,Lightweight,1994-02-11T00:00:00,74.0,155.0,73.0,10,3,0,1,3,1,5,1,0,0,0,3.0,51.0,1.4,0.9,0.0,0.0,13.9
140001053,Mateusz,Gamrot,Gamer,Lightweight,1990-12-11T00:00:00,70.0,155.0,70.5,19,1,0,1,15,0,12,0,12,0,2,10.0,79.7,13.0,1.6,11.6,11.6,0.0
140000007,Cory,Sandhagen,,Bantamweight,1992-04-20T00:00:00,71.0,135.0,70.0,14,4,0,0,2,0,1,0,0,0,0,1.6,24.3,0.2,0.1,11.1,11.1,2.8
140000150,Alex,Morono,The Great White,Welterweight,1990-08-16T00:00:00,71.0,170.0,72.0,20,7,0,1,2,1,2,0,0,0,0,1.5,25.5,0.1,0.1,2.1,2.1,11.7
140000590,Song,Kenan,The Assassin,Welterweight,1990-03-10T00:00:00,72.0,171.0,71.5,16,6,0,0,2,1,2,0,0,0,0,1.2,24.8,0.0,0.0,3.8,3.8,1.3
140000930,Kay,Hansen,,Women's Strawweight,1999-08-14T00:00:00,62.0,115.0,63.0,7,4,0,0,3,2,6,0,0,0,0,5.5,73.7,3.4,2.5,0.0,0.0,0.0
140000240,Michelle,Waterson,The Karate Hottie,Women's Strawweight,1986-01-06T00:00:00,63.0,125.0,62.0,18,9,0,0,6,2,12,6,2,2,0,6.6,75.4,2.6,1.4,0.0,0.0,20.1
140001068,Edson,Gomez,,Welterweight,1991-02-23T00:00:00,68.0,170.0,69.0,6,2,0,0,7,1,0,0,0,0,0,,,,,0.0,0.0,0.0
140001037,Kevin,Natividad,Quicksand,Featherweight,1993-04-02T00:00:00,66.0,135.0,70.0,9,3,0,0,14,8,3,0,0,0,0,7.1,45.0,0.0,0.0,0.0,0.0,0.0
140000026,Henry,Cejudo,The Messenger,Bantamweight,1987-02-09T00:00:00,64.0,135.0,64.0,16,2,0,0,5,1,0,0,3,1,0,2.5,36.4,1.3,0.1,17.6,17.6,26.4
140000671,Justine,Kish,,Women's Flyweight,1988-04-13T00:00:00,65.0,125.0,64.0,7,4,0,0,0,0,3,1,0,0,0,6.1,58.9,1.2,0.2,0.0,0.0,31.8
140000537,Rodolfo,Vieira,The Black Belt Hunter,Middleweight,1989-09-25T00:00:00,72.0,185.0,73.0,8,1,0,0,0,0,1,0,0,0,0,0.5,25.2,1.2,0.3,0.0,0.0,0.0
140000079,Nik,Lentz,The Carny,Featherweight,1984-08-13T00:00:00,68.0,150.0,68.0,30,12,2,1,11,3,8,2,0,0,0,3.6,61.9,3.5,1.3,7.1,7.1,20.6
140000036,Max,Griffin,Pain,Welterweight,1985-11-29T00:00:00,71.0,170.0,76.0,18,8,0,0,14,2,5,0,2,2,0,10.8,85.2,4.0,1.0,18.2,18.2,18.2
140000985,Matt,Dixon,Magic,Welterweight,1995-10-09T00:00:00,70.0,170.0,75.0,9,1,0,0,2,0,0,0,1,0,0,0.7,25.4,1.0,0.0,0.0,0.0,0.0
140000266,Dustin,Poirier,The Diamond,Lightweight,1989-01-19T00:00:00,69.0,156.0,72.0,28,6,0,0,25,6,10,6,3,3,3,15.9,91.7,4.3,3.5,48.1,48.1,33.7
140000950,Luis,Rodriguez,Lazy Boy,Bantamweight,1999-05-07T00:00:00,66.0,125.0,65.5,11,2,0,0,9,0,5,0,2,0,0,2.2,48.8,3.4,3.4,0.0,0.0,0.0
140000008,Mario,Bautista,,Bantamweight,1993-07-01T00:00:00,69.0,135.0,69.0,8,2,0,0,1,0,1,0,0,0,0,2.2,33.2,0.2,0.0,3.8,3.8,3.8
140000372,Darko,StoÅ¡iÄ‡,,Heavyweight,1992-02-09T00:00:00,72.0,230.0,76.0,16,4,0,0,4,0,0,0,0,0,0,1.2,30.4,1.5,0.0,2.6,2.6,0.0
140000538,Ilir,Latifi,The Sledgehammer,Heavyweight,1983-07-28T00:00:00,70.0,240.0,73.0,16,8,0,1,1,1,1,0,0,0,0,0.4,23.5,0.5,0.1,2.8,2.8,2.8
140000031,Geraldo,de Freitas,The Spartan,Bantamweight,1991-09-30T00:00:00,67.0,136.0,72.0,12,6,0,0,2,0,3,0,0,0,0,2.3,46.2,1.8,0.0,0.0,0.0,3.4
140000220,Anthony,Pettis,Showtime,Lightweight,1987-01-27T00:00:00,70.0,155.0,73.0,24,12,0,0,16,6,14,2,6,4,0,6.2,82.5,1.2,2.2,16.8,16.8,21.0
140000048,Lyman,Good,Cyborg,Welterweight,1985-05-26T00:00:00,72.0,170.0,74.0,21,6,0,1,6,0,2,1,2,1,0,3.0,36.6,0.2,0.0,6.0,6.0,0.0
140000224,Maryna,Moroz,Iron Lady,Women's Flyweight,1991-09-08T00:00:00,67.0,125.0,67.0,10,3,0,0,0,0,1,0,0,0,0,0.5,12.5,0.1,0.1,0.0,0.0,10.7
140000081,Ashlee,Evans-Smith,Rebel Girl,Women's Flyweight,1987-07-09T00:00:00,68.0,135.0,67.0,6,5,0,0,0,0,0,0,0,0,0,0.5,13.1,0.1,0.0,1.0,1.0,2.1
140000114,Klidson,Abreu,White Bear,Light Heavyweight,1992-12-24T00:00:00,74.0,258.0,75.0,15,5,0,1,12,9,17,0,0,0,0,6.2,86.8,1.9,0.0,0.0,0.0,15.1
140000916,Gustavo,Lopez,,Bantamweight,1989-06-27T00:00:00,65.0,135.0,67.0,12,6,1,0,2,1,3,0,0,0,0,1.1,32.0,0.8,0.3,0.0,0.0,0.0
140000200,Chris,Gutierrez,El Guapo,Bantamweight,1991-04-22T00:00:00,69.0,135.0,67.0,17,3,2,0,10,0,2,2,0,0,0,10.3,90.6,1.1,0.4,10.1,10.1,27.1
140000614,Askar,Askarov,Bullet,Flyweight,1992-10-09T00:00:00,66.0,125.0,67.0,13,0,1,0,0,0,0,0,0,0,0,0.2,15.5,0.2,0.0,0.0,0.0,1.4
140000653,Matt,Brown,The Immortal,Welterweight,1981-01-10T00:00:00,72.0,170.0,75.0,25,18,0,0,13,2,5,6,0,0,0,2.4,49.6,1.0,0.9,22.4,22.4,3.0
140000963,Jordan,Leavitt,The Monkey King,Lightweight,1995-06-02T00:00:00,69.0,155.0,71.0,8,1,0,0,0,0,1,0,0,0,0,0.2,31.8,0.5,0.1,1.8,1.8,0.0
140000558,Stipe,Miocic,,Heavyweight,1982-08-19T00:00:00,76.0,234.0,80.0,20,4,0,0,4,1,0,0,2,1,0,1.5,34.3,0.6,0.0,20.6,20.6,11.4
140001001,Tony,Kelley,PrimeTime,Featherweight,1987-01-21T00:00:00,69.0,136.0,70.0,7,2,0,0,3,0,5,0,0,2,0,7.4,77.0,0.0,3.2,0.0,0.0,14.2
140000938,Andreas,Michailidis,The Spartan,Light Heavyweight,1988-07-18T00:00:00,72.0,185.0,76.0,13,5,0,0,8,6,4,0,0,0,0,4.4,56.4,2.0,0.0,0.0,0.0,6.2
140000256,Zelim,Imadaev,,Welterweight,1995-01-25T00:00:00,72.0,170.0,76.0,8,3,0,0,6,1,0,1,0,0,0,2.0,30.8,0.3,0.0,0.0,0.0,0.0
140000165,Beneil,Dariush,,Lightweight,1989-05-06T00:00:00,70.0,156.0,72.0,21,4,1,0,0,0,1,0,0,0,0,0.4,16.8,0.2,0.1,1.1,1.1,2.6
140000989,Joaquin,Buckley,New Mansa,Middleweight,1994-04-27T00:00:00,70.0,185.0,76.0,13,4,0,0,2,1,0,0,0,0,0,0.9,18.2,0.2,0.0,3.6,3.6,0.0
140001059,Matheus,Scheffel,Buffa,Light Heavyweight,1992-11-04T00:00:00,74.0,205.0,75.0,14,7,0,0,5,3,0,1,0,0,0,0.7,26.8,0.0,0.0,0.0,0.0,0.0
140000341,Thiago,Moises,,Lightweight,1995-03-23T00:00:00,69.0,156.0,70.5,15,6,0,0,5,2,11,2,5,2,0,4.5,57.0,1.8,2.0,8.5,8.5,19.1
140000527,Darrick,Minner,,Bantamweight,1990-04-28T00:00:00,67.0,145.0,69.5,26,12,0,0,2,5,27,12,0,0,0,4.5,94.0,4.7,6.1,0.0,0.0,4.0
140000098,Francis,Ngannou,The Predator,Heavyweight,1986-09-05T00:00:00,76.0,263.0,83.0,16,3,0,0,13,0,5,0,1,1,1,2.9,48.9,0.2,0.5,50.4,50.4,0.0
140000995,Mike,Breeden,Money,Lightweight,1989-04-21T00:00:00,70.0,158.0,70.0,10,4,0,0,11,4,0,0,0,0,0,7.5,47.7,0.0,0.0,0.0,0.0,0.0
140000197,Darren,Till,The Gorilla,Middleweight,1992-12-24T00:00:00,72.0,185.0,74.0,18,4,1,0,7,1,1,1,0,1,0,1.6,40.7,0.4,0.0,6.3,6.3,14.8
140000450,Maki,Pitolo,Coconut Bombz,Middleweight,1990-11-24T00:00:00,70.0,185.0,75.0,13,8,0,0,1,0,1,1,0,0,0,0.9,20.0,0.5,0.1,1.0,1.0,0.0
140001083,Anthony,Birchak,El Toro,Bantamweight,1986-05-16T00:00:00,68.0,135.0,69.0,16,8,0,0,8,3,12,5,2,0,0,6.1,59.2,0.7,0.7,6.5,6.5,6.5
140000943,John,Castaneda,Sexi Mexi,Bantamweight,1991-12-18T00:00:00,66.0,136.0,71.0,18,5,0,0,2,0,1,0,0,0,0,0.9,23.5,0.2,0.0,1.0,1.0,0.0
140000665,Abdul,Razak Alhassan,Judo Thunder,Middleweight,1985-08-11T00:00:00,70.0,185.0,73.0,11,4,0,0,15,2,0,0,0,0,0,6.5,66.7,0.9,0.0,44.1,44.1,0.0
140000422,Victor,Reyna,Kelevra,Welterweight,1986-08-05T00:00:00,71.0,170.0,74.0,11,5,0,1,12,3,3,6,0,0,0,10.1,110.5,0.0,0.0,0.0,0.0,0.0
140000543,Ray,Rodriguez,The Judge,Bantamweight,1987-12-10T00:00:00,67.0,135.0,70.0,16,8,0,0,2,1,6,3,0,0,0,0.7,34.0,1.0,0.0,0.0,0.0,0.0
140000476,Don'Tale,Mayes,Lord Kong,Heavyweight,1992-01-16T00:00:00,78.0,262.0,81.0,8,4,0,0,2,0,0,1,0,0,0,1.9,30.6,0.1,0.0,0.0,0.0,3.9
140000364,Megan,Anderson,,Women's Featherweight,1990-02-11T00:00:00,72.0,145.0,72.0,11,5,0,0,2,0,1,1,0,0,0,0.6,36.0,0.2,0.2,3.9,3.9,0.0
140000701,Sara,McMann,,Women's Bantamweight,1980-09-24T00:00:00,66.0,135.0,66.0,12,6,0,0,5,3,11,11,0,3,0,6.3,105.0,12.0,1.5,15.2,15.2,55.1
140000592,Fares,Ziam,Smile Killer,Lightweight,1997-03-21T00:00:00,73.0,155.0,75.0,12,3,0,0,3,0,3,1,0,0,0,1.4,43.0,0.2,0.0,0.0,0.0,11.0
140000040,Anthony,Hernandez,Fluffy,Middleweight,1993-10-18T00:00:00,72.0,186.0,75.0,8,2,0,1,2,2,14,2,2,0,0,11.8,86.1,9.0,4.5,0.0,0.0,0.0
140000189,Claudio,Silva,Hannibal,Welterweight,1982-09-06T00:00:00,71.0,170.0,71.0,14,3,0,0,1,0,6,0,0,0,0,1.8,45.3,1.7,0.9,0.0,0.0,7.7
140000634,Joanna,Jedrzejczyk,,Women's Strawweight,1987-08-18T00:00:00,66.0,115.0,65.5,16,4,0,0,0,0,0,0,1,0,0,0.7,16.5,0.0,0.0,1.0,1.0,12.9
140000141,Zhang,Weili,Magnum,Women's Strawweight,1989-08-13T00:00:00,64.0,115.0,63.0,21,3,0,0,15,2,11,0,5,5,0,12.8,79.3,4.1,0.8,9.7,9.7,19.1
140000506,Rodrigo,Nascimento,Ze Colmeia,Heavyweight,1992-11-26T00:00:00,74.0,259.0,80.0,8,1,0,1,4,2,12,0,0,0,0,10.7,86.0,3.3,3.3,14.0,14.0,0.0
140000410,Jamie,Pickett,The Night Wolf,Middleweight,1988-08-29T00:00:00,74.0,185.0,80.0,12,6,0,0,3,0,0,1,0,0,0,1.0,32.7,0.5,0.1,1.9,1.9,1.9
140001081,Jamey,Simmons,The Afro Samurai,Featherweight,1992-09-11T00:00:00,66.0,136.0,70.0,7,4,0,0,10,5,2,5,0,0,0,1.9,47.0,0.0,0.0,0.0,0.0,0.0
140000225,Sabina,Mazo,Colombian Queen,Women's Flyweight,1997-03-25T00:00:00,67.0,125.0,70.0,9,3,0,0,0,0,0,0,0,0,0,1.4,21.6,0.2,0.0,0.0,0.0,3.6
140000193,Dominick,Reyes,The Devastator,Light Heavyweight,1989-12-26T00:00:00,76.0,205.0,77.0,12,3,0,0,6,2,2,0,0,2,0,4.0,47.4,0.3,0.3,18.4,18.4,12.2
140000453,Hunter,Azure,,Featherweight,1992-03-02T00:00:00,68.0,135.0,69.0,9,2,0,0,7,2,2,0,0,0,0,9.3,90.8,4.7,3.1,0.0,0.0,42.0
140000011,Joanne,Wood,JoJo,Women's Flyweight,1985-12-23T00:00:00,66.0,125.0,65.5,15,6,0,0,4,0,1,2,0,0,0,4.9,49.3,1.2,0.3,3.4,3.4,20.3
140000221,Stephen,Thompson,Wonderboy,Welterweight,1983-02-11T00:00:00,72.0,170.0,75.0,16,5,1,0,12,2,2,0,0,2,2,7.0,61.8,0.5,0.0,29.8,29.8,35.7
140000235,Marina,Rodriguez,,Women's Strawweight,1987-04-29T00:00:00,66.0,115.0,65.0,15,1,2,0,8,0,1,0,0,0,0,7.0,62.6,0.3,0.3,13.1,13.1,26.2
140000206,Frankie,Saenz,,Bantamweight,1980-08-12T00:00:00,66.0,135.0,66.0,13,7,0,0,7,9,4,0,0,0,0,8.7,79.6,3.8,0.3,0.0,0.0,37.1
140000216,John,Makdessi,The Bull,Lightweight,1985-05-03T00:00:00,68.0,154.0,68.0,18,7,0,0,4,1,0,0,0,0,0,2.7,36.9,0.0,0.0,5.9,5.9,22.4
140000644,Davey,Grant,Dangerous,Bantamweight,1985-12-18T00:00:00,68.0,135.0,69.0,13,5,0,0,4,0,11,6,0,1,0,5.8,61.3,2.9,0.2,13.0,13.0,13.0
140000177,Priscila,Cachoeira,Zombie Girl,Women's Flyweight,1988-08-19T00:00:00,67.0,126.0,65.0,10,3,0,0,11,0,0,2,0,0,0,6.7,55.2,0.0,0.0,20.4,20.4,0.0
140001032,Taneisha,Tennant,Triple Threat,Women's Bantamweight,1989-06-15T00:00:00,67.0,135.0,70.0,5,1,0,0,1,0,0,0,1,0,0,5.0,52.0,0.0,0.0,0.0,0.0,0.0
140001051,Alan,Baudot,The Black Samourai,Light Heavyweight,1988-02-01T00:00:00,75.0,246.0,79.0,8,2,0,1,1,0,0,0,0,0,0,1.0,23.5,0.0,0.0,0.0,0.0,0.0
140000951,Taylor,Callens,,Lightweight,1991-05-21T00:00:00,70.0,155.0,0.0,6,0,0,0,1,0,6,0,0,0,0,,,,,0.0,0.0,0.0
140000069,Rani,Yahya,,Bantamweight,1984-09-12T00:00:00,66.0,135.0,67.0,27,10,1,1,0,6,37,3,0,3,0,4.8,99.6,8.8,6.1,0.0,0.0,22.4
140001057,Mariusz,Ksiazkiewicz,The Iron Pol,Middleweight,1989-10-04T00:00:00,75.0,185.0,75.0,8,1,0,0,6,0,15,0,0,0,0,2.7,77.3,11.7,5.9,0.0,0.0,0.0
140000173,Derrick,Lewis,The Black Beast,Heavyweight,1985-02-07T00:00:00,75.0,264.0,79.0,25,8,0,1,4,1,0,0,0,0,0,0.5,23.3,0.1,0.0,15.8,15.8,2.3
140000038,Mara,Romero Borella,Maravilha,Women's Flyweight,1986-06-03T00:00:00,66.0,125.0,69.0,12,9,0,2,6,8,8,6,0,0,0,5.0,73.1,3.6,0.5,0.0,0.0,8.5
140000710,Ketlen,Vieira,Fenomeno,Women's Bantamweight,1991-08-26T00:00:00,68.0,135.0,68.0,11,2,0,0,2,1,4,0,0,0,0,2.6,48.1,2.1,0.5,0.0,0.0,30.3
140000925,Oleksandr,Doskalchuk,,,1990-03-13T00:00:00,66.0,125.0,0.0,10,1,0,0,12,0,12,0,3,0,0,,,,,0.0,0.0,0.0
140000439,Julia,Avila,Raging Panda,Women's Bantamweight,1988-05-11T00:00:00,67.0,135.0,68.0,9,2,0,0,2,1,1,0,0,0,0,1.9,43.0,0.4,0.2,5.6,5.6,5.6
140000556,Paulo,Costa,The Eraser,Middleweight,1991-04-21T00:00:00,73.0,205.0,72.0,13,2,0,0,3,0,0,0,0,0,0,2.0,32.7,0.1,0.0,14.6,14.6,2.0
140000625,Brad,Riddell,Quake,Lightweight,1991-09-30T00:00:00,67.0,155.0,71.0,10,1,0,0,11,0,0,2,0,0,0,10.1,86.6,4.2,0.0,0.0,0.0,52.9
140001043,Danilo,Marques,,Light Heavyweight,1985-12-26T00:00:00,78.0,205.0,77.0,11,3,0,0,3,1,4,0,0,0,0,1.1,63.2,3.0,0.6,0.0,0.0,5.1
140000893,Shavkat,Rakhmonov,Nomad,Welterweight,1994-10-23T00:00:00,73.0,170.0,77.0,14,0,0,0,11,0,11,0,0,0,0,7.0,120.0,3.1,6.2,0.0,0.0,0.0
140000186,John,Phillips,The Welsh Wrecking Machine,Middleweight,1985-06-09T00:00:00,71.0,185.0,75.0,22,11,0,1,1,0,0,0,0,0,0,0.1,2.2,0.0,0.0,0.2,0.2,0.0
140001046,KB,Bhullar,The Bengal,Middleweight,1991-10-12T00:00:00,76.0,186.0,78.0,8,2,0,0,1,0,0,0,0,0,0,0.8,21.3,0.0,0.0,0.0,0.0,0.0
140000255,Khalid,Taha,The Warrior,Featherweight,1992-02-15T00:00:00,65.0,135.0,69.0,13,4,0,1,11,0,3,2,0,0,0,4.2,56.2,0.0,0.4,8.6,8.6,0.0
140000438,Pannie,Kianzad,Banzai,Women's Bantamweight,1991-12-08T00:00:00,67.0,136.0,66.0,16,6,0,0,2,1,0,2,1,1,0,4.3,47.4,0.2,0.1,0.0,0.0,16.3
140000914,Christian,Aguilera,The Beast,Welterweight,1991-11-25T00:00:00,69.0,170.0,72.0,14,8,0,0,11,4,0,2,0,0,0,2.4,40.1,0.0,0.0,4.3,4.3,0.0
140000717,Peter,Sobotta,,Welterweight,1987-01-11T00:00:00,72.0,170.0,75.0,17,7,1,0,7,3,12,1,0,0,0,3.1,48.2,2.2,0.7,5.8,5.8,11.5
140001042,Ludovit,Klein,Mr. Highlight,Featherweight,1995-02-22T00:00:00,67.0,145.0,72.5,17,4,0,0,14,3,14,6,0,0,0,9.8,97.6,10.9,0.0,14.1,14.1,0.0
140000307,Mike,Perry,Platinum,Welterweight,1991-09-15T00:00:00,70.0,170.0,71.0,14,8,0,0,13,1,0,1,0,0,0,6.0,59.9,1.1,0.2,21.4,21.4,16.0
140000199,Jordan,Espinosa,The Gamer,Flyweight,1989-11-08T00:00:00,66.0,125.0,69.0,15,9,0,1,5,0,11,10,0,0,0,10.7,91.3,1.9,0.5,10.2,10.2,12.8
140000174,Nad,Narimani,Smiler,Featherweight,1987-04-14T00:00:00,68.0,150.0,70.0,12,4,0,0,5,2,12,0,2,2,0,7.9,65.6,4.5,0.0,0.0,0.0,19.2
140000544,Tony,Gravely,,Bantamweight,1991-09-28T00:00:00,65.0,135.0,69.0,21,7,0,0,14,2,7,12,5,0,0,10.1,97.8,13.5,1.4,11.1,11.1,8.7
140000367,Ian,Heinisch,The Hurricane,Middleweight,1988-08-05T00:00:00,71.0,185.0,72.0,14,5,0,0,5,1,2,1,1,1,0,3.1,57.1,1.0,0.6,10.2,10.2,10.2
140000306,Alex,Oliveira,Cowboy,Welterweight,1988-02-21T00:00:00,71.0,170.0,76.0,22,11,1,2,20,3,14,10,0,0,0,8.4,98.6,6.4,1.4,18.7,18.7,18.7
140000346,Laureano,Staropoli,Pepi,Welterweight,1993-02-27T00:00:00,73.0,185.0,71.5,9,5,0,0,1,0,0,0,0,0,0,0.3,12.0,0.1,0.0,0.0,0.0,1.5
140001077,Harry,Hunsucker,The Hurricane,Heavyweight,1989-01-03T00:00:00,74.0,249.0,75.0,7,4,0,0,0,0,0,0,0,0,0,0.3,14.7,0.0,0.0,0.0,0.0,0.0
140000139,Cody,Garbrandt,No Love,Bantamweight,1991-07-07T00:00:00,68.0,136.0,65.0,12,4,0,0,13,5,0,0,2,3,0,5.0,50.4,1.7,0.0,39.3,39.3,15.7
140000273,Alexander,Yakovlev,Russian Thunder,Lightweight,1984-07-18T00:00:00,75.0,155.0,74.0,24,10,1,0,2,0,2,1,0,0,0,0.4,26.1,0.4,0.0,0.7,0.7,0.7
140000187,Jack,Marshman,The Hammer,Middleweight,1989-12-19T00:00:00,72.0,187.0,73.0,23,10,0,0,21,11,13,5,3,3,0,7.3,45.9,0.0,0.0,8.1,8.1,16.2
140000720,Fabricio,Werdum,Vai Cavalo,Heavyweight,1977-07-30T00:00:00,76.0,241.0,77.0,24,9,1,1,1,0,1,0,0,0,0,0.4,20.5,0.2,0.1,2.0,2.0,2.0
140000660,Emil,Meek,Valhalla,Welterweight,1988-08-20T00:00:00,71.0,170.0,74.5,9,5,0,1,6,2,1,0,1,0,0,2.1,51.1,0.2,0.8,0.0,0.0,5.2
140000328,Shane,Burgos,Hurricane,Featherweight,1991-03-19T00:00:00,71.0,146.0,75.5,14,3,0,0,6,2,6,0,0,0,0,9.2,60.6,0.3,0.1,12.6,12.6,25.3
140000301,Takashi,Sato,Ten,Welterweight,1990-06-09T00:00:00,70.0,170.0,73.0,16,4,0,0,16,2,4,7,0,2,0,6.8,55.9,1.1,0.0,14.7,14.7,0.0
140000347,Alexander,Volkanovski,The Great,Featherweight,1988-09-29T00:00:00,66.0,144.0,71.0,23,1,0,0,11,1,3,0,3,0,0,7.0,60.9,1.9,0.3,13.0,13.0,30.4
140001086,Sasha,Palatnikov,,Welterweight,1989-03-15T00:00:00,73.0,170.0,72.5,6,4,0,0,2,1,0,1,0,0,0,4.7,49.9,0.5,0.0,7.0,7.0,0.0
140000947,Rhys,McKee,Skeletor,Welterweight,1995-09-10T00:00:00,74.0,170.0,78.0,11,4,1,0,10,3,5,0,3,2,0,11.6,70.1,0.0,0.0,0.0,0.0,0.0
140001058,Mario,Sousa,Coracao Valente,Middleweight,1996-10-20T00:00:00,75.0,185.0,79.0,12,2,0,0,1,0,0,0,0,0,0,0.3,19.5,0.1,0.1,0.0,0.0,0.8
140000393,Bevon,Lewis,,Middleweight,1991-05-05T00:00:00,75.0,185.0,79.0,7,3,0,0,6,4,0,0,0,0,0,7.6,62.5,0.0,0.0,0.0,0.0,14.2
140000115,John,Dodson,The Magician,Bantamweight,1984-09-26T00:00:00,63.0,135.0,66.0,22,12,0,0,8,0,1,0,1,1,0,2.2,36.5,0.5,0.0,12.2,12.2,8.0
140000202,Randa,Markos,Quiet Storm,Women's Strawweight,1985-08-10T00:00:00,64.0,115.0,63.0,11,12,1,0,0,0,0,0,0,0,0,0.2,16.1,0.1,0.0,0.0,0.0,2.1
140000049,Jose,Aldo,Junior,Bantamweight,1986-09-09T00:00:00,67.0,136.0,70.0,30,7,0,0,2,0,0,0,1,0,0,0.4,15.5,0.1,0.0,2.9,2.9,2.4
140000825,Alexander,Munoz,,Lightweight,1990-02-27T00:00:00,69.0,156.0,72.0,6,2,0,0,5,0,3,0,0,0,0,10.7,74.5,8.1,0.0,0.0,0.0,20.6
140000722,Evan,Dunham,,Lightweight,1981-12-18T00:00:00,70.0,150.0,70.0,18,9,1,0,4,5,8,3,0,0,0,6.9,51.0,2.4,1.3,4.6,4.6,32.6
140000652,Carlos,Condit,The Natural Born Killer,Welterweight,1984-04-26T00:00:00,74.0,171.0,75.5,32,14,0,0,5,0,4,2,2,1,0,1.1,30.4,0.2,0.3,3.4,3.4,2.7
140000946,Amir,Albazi,The Prince,Bantamweight,1993-10-27T00:00:00,65.0,125.0,68.0,14,1,0,0,6,0,10,0,0,0,0,6.5,62.6,3.6,1.2,0.0,0.0,10.6
140000940,Timo,Feucht,,Light Heavyweight,1996-01-18T00:00:00,75.0,205.0,0.0,8,1,0,0,1,0,1,0,0,0,0,,,,,0.0,0.0,0.0
140000513,Aleksa,Camur,,Light Heavyweight,1995-09-25T00:00:00,73.0,205.0,74.0,6,2,0,0,0,0,0,0,0,0,0,0.3,17.4,0.0,0.0,0.9,0.9,0.9
140000458,Brianna,Van Buren,Tha Bull,Women's Strawweight,1993-08-04T00:00:00,60.0,115.0,62.0,9,3,0,0,1,0,2,0,1,0,0,2.4,37.8,1.7,0.0,0.0,0.0,5.8
140000132,Mickey,Gall,,Welterweight,1992-01-22T00:00:00,74.0,170.0,74.0,7,3,0,0,0,0,1,0,0,0,0,0.6,26.3,0.3,0.5,0.0,0.0,2.2
140000467,Marvin,Vettori,The Italian Dream,Middleweight,1993-09-20T00:00:00,72.0,205.0,74.0,18,5,1,0,4,0,13,0,0,2,0,9.3,78.1,4.4,1.3,0.0,0.0,36.6
140000596,Ottman,Azaitar,Bulldozer,Lightweight,1990-02-20T00:00:00,68.0,155.0,71.0,13,0,0,0,9,0,2,0,0,0,0,7.6,54.5,0.0,0.0,14.6,14.6,0.0
140000060,Raulian,Paiva,,Flyweight,1995-10-17T00:00:00,68.0,135.0,69.0,21,3,0,0,9,2,7,2,0,0,0,9.3,68.8,1.4,0.5,9.1,9.1,18.5
140000265,Kelvin,Gastelum,,Middleweight,1991-10-24T00:00:00,69.0,186.0,71.0,17,8,0,1,2,0,2,1,0,0,0,1.3,27.6,0.4,0.0,4.1,4.1,13.8
140000969,TJ,Laramie,The Truth,Featherweight,1997-10-15T00:00:00,66.0,145.0,66.0,12,4,0,0,6,2,2,1,0,0,0,2.3,60.0,2.2,0.0,0.0,0.0,0.0
140000423,Miguel,Baeza,Caramel Thunder,Welterweight,1992-08-23T00:00:00,74.0,170.0,74.5,10,2,0,0,5,1,1,0,0,0,0,3.3,42.4,0.3,1.3,13.7,13.7,5.6
140001084,Kanako,Murata,,Women's Strawweight,1993-08-10T00:00:00,61.0,115.0,62.0,12,2,0,0,3,1,5,1,1,0,0,2.7,83.1,3.1,1.5,0.0,0.0,9.1
140000067,Montana,De La Rosa,,Women's Flyweight,1995-02-14T00:00:00,67.0,126.0,68.0,12,6,1,0,0,0,4,0,0,0,0,1.4,36.6,1.1,0.6,2.6,2.6,2.6
140000904,Philipe,Lins,Monstro,Light Heavyweight,1985-08-17T00:00:00,74.0,205.0,78.0,14,5,0,0,14,11,11,0,3,0,0,7.6,68.6,0.0,0.0,0.0,0.0,0.0
140000392,Darren,Stewart,The Dentist,Middleweight,1990-12-30T00:00:00,72.0,204.0,74.0,12,8,0,2,9,1,1,3,0,0,0,4.0,60.4,2.3,0.2,10.4,10.4,10.4
140000999,Rafael,Alves,The Turn,Featherweight,1990-10-10T00:00:00,68.0,155.0,68.0,20,10,0,0,10,4,11,8,0,3,0,2.9,59.0,0.0,2.5,0.0,0.0,0.0
140000444,Michael,Chiesa,Maverick,Welterweight,1987-12-07T00:00:00,73.0,170.0,75.5,18,5,0,0,0,1,11,4,1,0,0,1.8,55.4,3.5,1.0,0.0,0.0,21.4
140001076,Shaheen,Santana,Shazam,Lightweight,1991-06-04T00:00:00,73.0,160.0,75.0,6,1,0,0,0,0,6,1,0,0,0,,,,,0.0,0.0,0.0
140001017,Kevin,Croom,Crash,Lightweight,1987-07-15T00:00:00,71.0,145.0,73.0,21,13,0,1,15,10,16,10,0,2,0,3.4,67.0,2.4,2.4,0.0,0.0,0.0
140000890,Kyler,Phillips,The Matrix,Bantamweight,1995-06-12T00:00:00,68.0,135.0,72.0,9,2,0,0,1,0,0,0,0,0,0,1.2,25.3,0.7,0.1,4.1,4.1,4.1
140000113,Magomed,Ankalaev,,Light Heavyweight,1992-06-02T00:00:00,75.0,205.0,75.0,16,1,0,0,4,0,0,0,0,0,0,1.5,41.9,0.5,0.0,15.3,15.3,11.5
140000309,Jacare,Souza,Jacare,Middleweight,1979-12-07T00:00:00,73.0,186.0,72.0,26,10,0,0,1,0,2,0,0,0,0,0.3,19.8,0.3,0.2,1.7,1.7,1.3
140000960,Timur,Valiev,Lucky,Featherweight,1990-01-19T00:00:00,66.0,135.0,67.0,18,2,0,1,2,0,1,0,0,0,0,2.3,39.4,0.7,0.0,0.0,0.0,4.1
140001028,Gregory,Rodrigues,Robocop,Middleweight,1992-02-17T00:00:00,75.0,185.0,75.0,11,3,0,0,6,2,3,0,1,0,0,5.7,57.3,2.8,0.0,6.8,6.8,6.8
140000296,Carla,Esparza,Cookie Monster,Women's Strawweight,1987-10-10T00:00:00,61.0,116.0,63.0,19,6,0,0,1,0,1,0,0,0,0,0.4,28.1,0.7,0.1,0.7,0.7,12.0
140000403,Jessica,Eye,Evil,Women's Flyweight,1986-07-27T00:00:00,66.0,125.0,66.0,15,10,0,1,2,1,1,1,0,1,0,3.1,37.9,0.4,0.4,0.0,0.0,13.7
140000109,Chris,Fishgold,,Featherweight,1992-06-06T00:00:00,68.0,149.0,68.0,18,4,1,0,1,0,4,0,1,0,0,0.6,19.2,0.8,0.4,0.0,0.0,0.0
140000205,Jennifer,Maia,,Women's Flyweight,1988-10-06T00:00:00,64.0,125.0,64.0,19,7,1,0,1,0,1,0,0,0,0,0.6,17.9,0.0,0.0,0.0,0.0,1.7
140000102,Diego,Ferreira,,Lightweight,1985-01-18T00:00:00,69.0,160.0,74.0,17,4,0,0,5,3,11,0,2,0,0,7.4,53.7,1.3,1.3,17.9,17.9,17.9
140000553,Khama,Worthy,The Death Star,Lightweight,1986-10-15T00:00:00,71.0,155.0,74.0,16,9,0,0,15,13,8,3,0,0,0,11.2,82.9,0.0,1.8,10.7,10.7,0.0
140000917,Max,Rohskopf,Rated R,Lightweight,1994-09-27T00:00:00,73.0,155.0,71.0,7,1,0,0,0,0,1,0,0,0,0,0.2,12.1,0.4,0.2,0.0,0.0,0.0
140000032,Felipe,Colares,Cabocao,Bantamweight,1994-03-31T00:00:00,68.0,136.0,69.0,10,3,0,0,1,0,2,0,0,0,0,0.8,30.7,0.6,0.2,0.0,0.0,5.1
140000586,Su,Mudaerji,The Tibetan Eagle,Bantamweight,1996-01-20T00:00:00,68.0,126.0,72.0,14,4,0,0,18,0,3,11,0,0,0,12.5,87.6,1.1,2.2,15.4,15.4,18.5
140001067,Ignacio,Bahamondes,La Jaula,Welterweight,1997-08-27T00:00:00,75.0,154.0,75.5,12,4,0,0,9,0,0,2,0,0,0,7.5,45.4,0.0,0.0,12.4,12.4,0.0
140000515,Miranda,Granger,Danger,Women's Flyweight,1992-04-13T00:00:00,67.0,115.0,68.0,7,2,0,0,1,0,6,1,0,0,0,3.5,66.4,0.0,0.0,0.0,0.0,12.1
140000327,Cub,Swanson,,Featherweight,1983-11-02T00:00:00,68.0,145.0,70.0,27,12,0,0,13,2,5,9,0,0,0,5.7,60.3,1.3,0.6,14.2,14.2,28.4
140000054,Jonathan,Martinez,Dragon,Bantamweight,1994-04-20T00:00:00,68.0,135.0,70.0,14,4,0,0,1,0,0,0,0,0,0,0.4,14.8,0.0,0.0,1.0,1.0,1.6
140000029,Ricardo,Ramos,,Featherweight,1995-08-01T00:00:00,69.0,146.0,72.0,15,4,0,0,0,0,1,0,0,0,0,0.5,15.5,0.4,0.1,0.8,0.8,3.0
140000496,Jordan,Williams,Bomaye,Middleweight,1990-10-13T00:00:00,73.0,171.0,75.5,9,6,0,1,9,4,1,1,0,0,0,7.7,66.4,1.5,0.0,8.3,8.3,0.0
140000612,Vanessa,Melo,Miss Simpatia,Women's Bantamweight,1988-03-27T00:00:00,65.0,135.0,65.0,11,8,0,0,0,0,1,0,0,0,0,1.7,21.3,0.0,0.0,0.0,0.0,2.5
140000112,Dwight,Grant,The Body Snatcher,Welterweight,1984-09-14T00:00:00,73.0,170.0,76.0,11,4,0,0,2,0,0,0,0,0,0,0.9,19.0,0.2,0.0,3.8,3.8,3.8
140000277,Movsar,Evloev,,Featherweight,1994-02-11T00:00:00,67.0,145.0,72.5,15,0,0,0,8,0,11,0,11,0,0,11.9,96.7,11.0,1.1,0.0,0.0,55.4
140000624,Jamie,Mullarkey,,Lightweight,1994-08-17T00:00:00,72.0,155.0,74.0,14,4,0,0,11,2,4,0,0,0,0,3.7,48.0,4.3,0.5,12.3,12.3,0.0
140000752,Neil,Magny,The Haitian Sensation,Welterweight,1987-08-03T00:00:00,75.0,170.0,80.0,25,9,0,0,1,0,0,1,0,0,0,0.5,20.8,0.3,0.0,1.9,1.9,12.6
140001060,Liliya,Shakirova,,Women's Flyweight,1991-10-24T00:00:00,64.0,126.0,65.0,8,2,0,0,4,0,1,1,0,0,0,3.8,40.1,0.0,0.0,0.0,0.0,0.0
140000323,Walt,Harris,The Big Ticket,Heavyweight,1983-06-10T00:00:00,77.0,264.0,77.0,13,10,0,1,14,5,0,1,0,0,0,3.3,43.2,0.3,0.2,26.1,26.1,0.0
140000517,Lauren,Murphy,Lucky,Women's Flyweight,1983-07-27T00:00:00,65.0,125.0,67.0,15,5,0,0,1,0,0,0,0,0,0,0.5,19.4,0.2,0.0,1.5,1.5,2.9
140000651,James,Krause,The James Krause,Welterweight,1986-06-04T00:00:00,74.0,170.0,73.5,28,9,0,0,10,1,15,4,0,0,0,5.8,54.6,1.2,1.1,9.8,9.8,11.9
140000622,Bruno,Silva,Bulldog,Flyweight,1990-03-16T00:00:00,64.0,126.0,65.0,12,5,2,1,9,2,5,2,0,0,0,5.4,73.4,5.2,0.0,13.4,13.4,0.0
140001064,Vince,Murdock,,Bantamweight,1991-03-21T00:00:00,66.0,145.0,66.0,12,5,0,1,3,1,0,0,0,0,0,0.5,14.3,0.0,0.0,0.0,0.0,0.0
140000128,Macy,Chiasson,,Women's Bantamweight,1991-07-27T00:00:00,71.0,136.0,72.0,8,1,0,0,2,0,2,0,1,0,0,3.3,52.8,0.8,0.4,19.7,19.7,19.7
140000520,Nasrat,Haqparast,,Lightweight,1995-08-22T00:00:00,70.0,154.0,72.0,13,4,0,0,15,3,0,3,0,0,0,14.0,80.7,0.4,0.0,15.9,15.9,38.7
140000028,Rogerio,Bontorin,,Flyweight,1992-04-25T00:00:00,65.0,137.0,67.0,17,3,0,1,1,0,5,0,0,0,0,1.3,41.1,0.8,0.6,0.0,0.0,4.4
140000076,Emily,Whitmire,Spitfire,Women's Strawweight,1991-05-24T00:00:00,65.0,125.0,63.5,4,5,0,0,0,0,2,10,0,0,0,5.2,65.7,3.9,1.0,0.0,0.0,16.0
140000432,Amanda,Ribas,,Women's Strawweight,1993-08-26T00:00:00,63.0,115.0,66.0,11,2,0,0,3,2,4,0,0,0,0,4.2,52.3,1.8,1.4,0.0,0.0,22.1
140000336,Luana,Carolina,Dread,Women's Flyweight,1993-06-11T00:00:00,66.0,125.0,69.0,8,2,0,0,2,0,1,1,0,0,0,4.5,57.6,0.0,1.5,0.0,0.0,38.7
140000369,Kevin,Lee,The Motown Phenom,Lightweight,1992-09-04T00:00:00,69.0,170.0,77.0,18,7,0,0,8,3,13,8,0,3,0,10.6,83.3,8.7,2.1,13.2,13.2,26.4
140000371,Devin,Clark,Brown Bear,Light Heavyweight,1990-04-12T00:00:00,72.0,206.0,75.0,12,6,0,0,1,1,0,1,0,0,0,1.0,40.0,0.8,0.0,0.0,0.0,18.5
140000524,Andre,Muniz,Sergipano,Middleweight,1990-02-17T00:00:00,73.0,186.0,78.0,21,4,0,0,11,11,23,0,0,0,0,5.7,122.2,8.2,6.2,0.0,0.0,13.0
140001002,Kai,Kamaka,The Fighting Hawaiian,Featherweight,1995-01-05T00:00:00,67.0,144.0,69.0,8,4,1,0,0,5,3,0,0,0,0,12.5,97.8,4.8,0.7,0.0,0.0,12.2
140001041,Damon,Jackson,The Leech,Featherweight,1988-08-08T00:00:00,71.0,145.0,71.0,19,4,1,1,4,4,16,1,3,1,0,3.3,54.7,3.2,3.2,0.0,0.0,5.2
140001020,Henrique,Shiguemoto,,Middleweight,1989-06-22T00:00:00,71.0,185.0,72.0,13,4,1,0,13,0,5,3,5,0,0,6.3,44.1,0.0,0.0,0.0,0.0,0.0
140000021,Yancy,Medeiros,The Kid,Lightweight,1987-09-07T00:00:00,70.0,155.0,75.5,15,8,0,1,12,9,9,2,0,0,0,9.8,58.0,0.7,1.5,18.8,18.8,12.5
140001069,Victor,Rodriguez,Vicious,Bantamweight,1992-09-05T00:00:00,65.0,126.0,67.0,7,4,0,0,10,6,0,2,0,0,0,3.4,68.8,0.0,0.0,0.0,0.0,0.0
140001073,Luana,Pinheiro,,Women's Strawweight,1992-11-18T00:00:00,62.0,115.0,62.0,9,1,0,0,4,0,11,0,0,0,0,12.3,78.1,15.8,0.0,14.9,14.9,0.0
140001014,Jimmy,Flick,The Brick,Flyweight,1990-09-07T00:00:00,67.0,125.0,68.0,16,5,0,0,0,10,22,0,2,2,0,5.0,93.1,4.5,11.4,0.0,0.0,0.0
140000190,Jose,Quinonez,Teco,Bantamweight,1990-07-28T00:00:00,68.0,135.0,69.0,9,5,0,0,5,8,3,3,0,3,0,9.7,80.1,7.3,1.7,0.0,0.0,47.0
140000583,Danaa,Batgerel,Storm,Bantamweight,1989-07-04T00:00:00,67.0,135.0,70.0,10,2,0,0,9,0,3,0,0,0,0,9.9,56.4,0.0,0.0,31.4,31.4,0.0
140000159,Yana,Kunitskaya,Foxy,Women's Bantamweight,1989-11-11T00:00:00,66.0,134.0,68.0,14,6,0,1,10,4,1,3,1,3,1,6.1,85.8,2.2,0.3,0.0,0.0,22.7
140000297,Virna,Jandiroba,Carcara,Women's Strawweight,1988-05-30T00:00:00,63.0,116.0,64.0,17,3,0,0,0,0,5,0,1,0,0,1.1,35.4,0.9,0.6,0.0,0.0,0.0
140000361,Davi,Ramos,Tasmanian Devil,Lightweight,1986-11-05T00:00:00,66.0,155.0,70.0,10,4,0,0,2,0,11,0,0,0,0,4.3,47.9,3.1,0.9,0.0,0.0,11.5
140001035,Chase,Gibson,El Guero,Lightweight,1990-02-07T00:00:00,70.0,155.0,72.0,10,5,0,0,7,2,7,0,0,0,0,5.7,73.7,0.0,0.0,0.0,0.0,0.0
140000285,Islam,Makhachev,,Lightweight,1991-10-27T00:00:00,70.0,155.0,70.5,21,1,0,0,8,3,16,0,0,0,0,5.8,116.7,8.9,3.3,12.0,12.0,29.5
140000082,Andrea,Lee,KGB,Women's Flyweight,1989-02-11T00:00:00,66.0,126.0,69.5,13,5,0,0,3,0,5,1,3,0,0,6.0,55.0,1.9,0.9,5.8,5.8,17.1
140000019,Joseph,Benavidez,,Flyweight,1984-07-31T00:00:00,64.0,125.0,65.0,28,8,0,0,12,3,11,2,0,8,0,5.3,48.9,2.1,0.9,20.5,20.5,37.6
140000504,Frankie,Edgar,The Answer,Bantamweight,1981-10-16T00:00:00,66.0,136.0,68.0,23,10,1,0,10,11,11,0,9,14,3,10.9,80.8,6.6,0.9,19.9,19.9,54.8
140000138,Pedro,Munhoz,The Young Punisher,Bantamweight,1986-09-07T00:00:00,66.0,135.0,65.0,19,6,0,1,13,0,13,0,5,0,0,14.2,72.9,1.6,1.8,18.5,18.5,18.5
140000868,Jessin,Ayari,Abacus,Lightweight,1992-05-31T00:00:00,72.0,155.0,73.5,16,6,0,0,0,0,1,0,0,0,0,0.4,12.8,0.0,0.0,0.0,0.0,0.5
140000003,Geoff,Neal,Handz of Steel,Welterweight,1990-08-28T00:00:00,71.0,171.0,75.0,13,4,0,0,10,2,3,2,0,0,0,7.1,66.1,1.0,0.3,29.9,29.9,9.5
140000871,Martin,Day,The Spartan,Featherweight,1988-11-10T00:00:00,70.0,145.0,73.5,8,6,0,0,6,4,4,2,0,0,0,7.3,61.8,1.3,0.9,0.0,0.0,0.0
140000892,Tom,Aspinall,,Heavyweight,1993-04-11T00:00:00,77.0,247.0,78.0,11,2,0,0,13,0,8,3,0,0,0,12.1,111.9,7.7,3.9,38.7,38.7,0.0
140000144,Tyron,Woodley,The Chosen One,Welterweight,1982-04-07T00:00:00,69.0,171.0,74.0,19,7,1,0,5,1,3,1,3,1,1,1.6,50.3,0.7,0.3,18.2,18.2,21.2
140000407,Bill,Algeo,Senor Perfecto,Featherweight,1989-06-09T00:00:00,72.0,146.0,73.0,14,6,0,0,5,0,10,3,6,0,0,10.1,76.2,0.8,0.0,0.0,0.0,8.0
140000299,Augusto,Sakai,,Heavyweight,1991-05-09T00:00:00,75.0,255.0,77.0,15,3,1,0,14,3,0,0,0,0,0,8.8,67.4,0.2,0.0,20.7,20.7,13.8
140000086,Aljamain,Sterling,Funk Master,Bantamweight,1989-07-31T00:00:00,67.0,135.0,71.0,20,3,0,0,3,1,10,0,3,0,0,6.2,65.9,2.3,1.1,5.5,5.5,29.4
140000936,Maxim,Grishin,Maximus,Light Heavyweight,1984-05-02T00:00:00,75.0,210.0,78.0,31,9,2,0,6,1,2,2,0,0,0,1.1,33.2,0.1,0.0,0.9,0.9,0.0
140000479,Ode',Osbourne,The Jamaican Sensation,Bantamweight,1992-01-09T00:00:00,67.0,125.0,73.0,10,4,0,1,2,0,2,1,0,0,0,2.0,31.4,0.5,0.2,2.8,2.8,2.8
140000281,Roxanne,Modafferi,The Happy Warrior,Women's Flyweight,1982-09-24T00:00:00,67.0,125.0,69.0,25,20,0,0,11,3,14,8,0,8,0,8.0,71.3,3.5,0.2,6.0,6.0,11.0
140000030,Said,Nurmagomedov,,Bantamweight,1992-04-05T00:00:00,68.0,135.0,70.0,14,2,0,0,3,0,2,0,0,0,0,3.7,46.5,0.4,0.0,11.2,11.2,5.0
140000491,Jamahal,Hill,Sweet Dreams,Light Heavyweight,1991-05-19T00:00:00,76.0,205.0,79.0,8,1,0,1,1,0,0,0,0,0,0,1.9,26.5,0.0,0.0,10.1,10.1,2.6
140000437,Vinc,Pichel,From Hell,Lightweight,1982-11-23T00:00:00,70.0,155.0,72.0,14,2,0,0,2,0,0,0,0,0,0,1.0,30.6,1.0,0.1,1.9,1.9,20.4
140000041,Livinha,Souza,The Brazilian Gangsta,Women's Strawweight,1991-03-11T00:00:00,63.0,115.0,63.0,14,4,0,0,4,2,11,0,4,2,0,3.6,88.9,5.2,2.8,0.0,0.0,15.9
140000325,Merab,Dvalishvili,The Machine,Bantamweight,1991-01-10T00:00:00,66.0,135.0,68.0,14,4,0,0,0,0,0,0,0,0,0,0.6,22.1,1.0,0.0,0.7,0.7,12.2
140000535,Aleksei,Kunchenko,Wolverine,Welterweight,1984-05-02T00:00:00,68.0,170.0,72.0,20,3,0,0,13,0,1,0,5,0,0,3.9,45.5,0.3,0.0,0.0,0.0,9.6
140000192,Volkan,Oezdemir,No Time,Light Heavyweight,1989-09-19T00:00:00,74.0,205.0,75.0,17,6,0,0,8,1,1,1,0,1,0,3.1,42.6,0.2,0.0,10.5,10.5,5.6
140000509,Tracy,Cortez,,Women's Flyweight,1993-12-10T00:00:00,65.0,127.0,65.5,9,1,0,0,3,0,3,3,0,0,0,10.6,106.2,8.3,0.7,0.0,0.0,66.5
140000203,Angela,Hill,Overkill,Women's Strawweight,1985-01-12T00:00:00,63.0,115.0,64.0,13,10,0,0,6,0,0,2,2,0,0,6.5,56.3,0.6,0.1,5.0,5.0,27.9
140000313,Juan,Adams,The Kraken,Heavyweight,1992-01-16T00:00:00,77.0,266.0,80.0,5,3,0,0,14,6,0,0,0,0,0,12.0,94.3,2.6,0.0,21.2,21.2,0.0
140000927,Ramiz,Brahimaj,,Welterweight,1992-11-17T00:00:00,70.0,171.0,72.0,9,3,0,0,0,2,11,0,0,0,0,4.8,46.9,3.1,1.6,0.0,0.0,0.0
140000191,Nathaniel,Wood,The Prospect,Bantamweight,1993-05-08T00:00:00,66.0,140.0,69.0,17,5,0,0,11,3,7,3,4,0,0,9.3,56.2,1.9,1.3,0.0,0.0,6.7
140000659,Guido,Cannetti,Ninja,Bantamweight,1979-12-19T00:00:00,66.0,135.0,68.0,8,7,0,0,1,1,1,1,0,0,0,0.9,31.1,0.6,0.1,0.0,0.0,3.7
140000516,Cole,Williams,Havoc,Welterweight,1983-12-15T00:00:00,72.0,175.0,73.0,11,3,0,0,2,0,2,1,0,0,0,0.1,18.6,0.0,0.0,0.0,0.0,0.0
140000178,Dan,Ige,50K,Featherweight,1991-08-06T00:00:00,67.0,146.0,71.0,15,4,0,0,12,0,15,0,0,0,0,11.5,90.3,4.2,1.3,18.3,18.3,36.5
140000465,John,Allan,,Light Heavyweight,1993-02-22T00:00:00,73.0,205.0,75.0,13,7,0,1,14,0,7,9,0,0,0,8.1,69.6,3.2,1.9,0.0,0.0,0.0
140000887,Ryan,Benoit,Baby Face,Flyweight,1989-08-25T00:00:00,65.0,126.0,68.5,10,8,0,0,8,0,1,2,0,0,0,2.8,43.2,0.3,0.4,11.0,11.0,5.5
140000365,Felicia,Spencer,FeeNom,Women's Featherweight,1990-11-29T00:00:00,66.0,145.0,68.0,9,3,0,0,1,0,1,0,0,0,0,0.8,31.9,0.3,0.1,4.2,4.2,0.0
140000967,Nate,Smith,The Savage,Flyweight,1995-04-09T00:00:00,66.0,125.0,69.0,6,2,0,0,2,0,6,2,0,2,0,2.4,52.9,0.0,4.2,0.0,0.0,0.0
140001048,Ante,Delija,Walking Trouble,Heavyweight,1990-08-07T00:00:00,77.0,243.0,79.0,19,5,0,0,8,4,8,0,0,1,0,,,,,0.0,0.0,0.0
140000390,Eddie,Wineland,,Bantamweight,1984-06-26T00:00:00,67.0,135.0,69.0,24,15,1,0,2,1,1,0,0,0,0,0.4,10.2,0.0,0.0,2.2,2.2,0.8
140000188,Danny,Roberts,Hot Chocolate,Welterweight,1987-07-14T00:00:00,73.0,170.0,74.0,18,5,0,0,2,1,2,1,0,0,0,1.0,25.4,0.1,0.1,3.9,3.9,3.9
140000678,Alan,Patrick,Nuguette,Lightweight,1983-07-19T00:00:00,71.0,155.0,74.0,15,3,0,1,1,1,1,0,0,0,0,0.6,32.1,1.1,0.1,1.7,1.7,12.1
140000547,Brok,Weaver,Chata Tuska,Welterweight,1991-12-05T00:00:00,72.0,164.0,73.0,15,6,0,0,3,2,5,5,0,0,0,8.1,94.1,0.7,0.7,0.0,0.0,8.1
140000587,Junyong,Park,The Iron Turtle,Middleweight,1991-02-27T00:00:00,70.0,185.0,73.0,13,5,0,0,4,1,2,2,0,0,0,3.8,52.7,2.1,0.4,0.0,0.0,15.0
140000886,Amanda,Lemos,Amandinha,Women's Strawweight,1987-05-22T00:00:00,64.0,115.0,65.0,10,1,1,0,1,0,0,0,0,0,0,0.9,24.4,0.3,0.1,2.3,2.3,1.1
140000047,Demian,Maia,,Welterweight,1977-11-06T00:00:00,73.0,170.0,72.0,28,11,0,0,1,1,6,0,0,1,0,0.7,38.7,1.0,0.4,1.0,1.0,16.3
140000185,Arnold,Allen,Almighty,Featherweight,1994-01-22T00:00:00,68.0,145.0,70.0,17,1,0,0,9,0,7,0,0,0,0,5.3,60.9,2.6,0.7,0.0,0.0,44.7
140000945,Jorge,Gonzalez,Street,Light Heavyweight,1984-02-29T00:00:00,74.0,205.0,76.0,16,4,0,0,20,3,11,8,0,0,0,,,,,0.0,0.0,0.0
140000910,Brandon,Royval,Raw Dawg,Flyweight,1992-08-16T00:00:00,69.0,125.0,68.0,12,6,0,0,4,1,11,1,1,1,0,4.7,54.5,1.6,2.4,0.0,0.0,0.0
140000447,Holly,Holm,The Preacher's Daughter,Women's Bantamweight,1981-10-17T00:00:00,68.0,135.0,69.0,14,5,0,0,11,2,0,2,4,8,0,6.2,63.4,1.6,0.1,14.7,14.7,36.7
140000688,Tyson,Pedro,,Light Heavyweight,1991-09-17T00:00:00,75.0,205.0,79.0,7,3,0,0,0,0,0,0,0,0,0,0.2,18.1,0.1,0.1,0.7,0.7,0.0
140000668,Rob,Font,,Bantamweight,1987-06-25T00:00:00,68.0,136.0,71.0,19,4,0,0,10,0,7,2,0,0,0,9.3,58.5,2.0,1.0,28.0,28.0,16.8
140000153,Louis,Smolka,Da Last Samurai,Bantamweight,1991-07-16T00:00:00,69.0,135.0,68.0,17,7,0,0,2,0,2,1,0,0,0,1.2,26.4,0.5,0.5,4.4,4.4,2.2
140000895,Youssef,Zalal,The Moroccan Devil,Featherweight,1996-09-04T00:00:00,70.0,145.0,72.0,10,5,0,0,3,0,8,0,0,0,0,4.0,72.3,3.7,1.9,0.0,0.0,25.3
140000603,Jordan,Griffin,Native Psycho,Featherweight,1990-02-28T00:00:00,70.0,145.0,73.0,18,9,0,0,11,2,13,4,0,0,0,5.3,76.8,3.1,3.9,0.0,0.0,0.0
140000944,Jesse,Ronson,The Body Snatcher,Welterweight,1985-12-24T00:00:00,70.0,170.0,70.0,21,10,0,1,16,5,11,2,0,0,0,8.6,76.6,1.5,1.5,0.0,0.0,0.0
140000811,Anthony,Adams,Sugafoot,Middleweight,1988-01-13T00:00:00,73.0,185.0,77.0,9,2,0,0,1,0,0,0,0,0,0,4.2,48.3,0.0,0.0,0.0,0.0,0.0
140000415,Ashley,Yoder,Spider Monkey,Women's Strawweight,1987-10-20T00:00:00,67.0,116.0,69.0,8,8,0,0,0,0,4,0,0,0,0,3.1,53.0,1.2,0.6,0.0,0.0,18.7
140000311,Cole,Smith,The Cole Train,Bantamweight,1989-04-05T00:00:00,71.0,135.0,67.0,7,2,0,0,1,0,2,0,0,0,0,1.0,26.8,1.0,1.0,0.0,0.0,6.3
140000385,Makwan,Amirkhani,Mr. Finland,Featherweight,1988-11-08T00:00:00,70.0,146.0,72.0,16,7,0,0,2,5,17,2,0,0,0,3.2,79.8,9.6,2.6,10.2,10.2,13.3
140000884,Loma,Lookboonmee,,Women's Strawweight,1996-01-18T00:00:00,61.0,115.0,61.5,6,2,0,0,0,0,0,0,0,0,0,1.8,35.5,0.5,0.0,0.0,0.0,21.8
140000642,Jarjis,Danho,Man Mountain,Heavyweight,1983-10-15T00:00:00,75.0,256.0,74.5,7,1,1,1,11,0,0,0,0,0,0,5.5,70.9,0.8,0.0,12.7,12.7,0.0
140000588,Mizuki,Inoue,,Women's Strawweight,1994-08-19T00:00:00,63.0,115.0,65.0,14,6,0,0,0,0,8,0,0,1,0,4.3,46.8,0.0,0.0,0.0,0.0,4.3
140000591,Li,Jingliang,The Leech,Welterweight,1988-03-20T00:00:00,72.0,171.0,71.5,18,7,0,0,6,0,3,1,0,0,0,3.1,37.2,0.9,0.0,23.4,23.4,10.0
140000937,Malcolm,Gordon,X,Flyweight,1990-05-19T00:00:00,67.0,125.0,71.0,13,5,0,0,1,1,1,0,0,0,0,0.5,28.0,0.3,0.0,0.0,0.0,1.1
140000152,Matt,Schnell,Danger,Flyweight,1990-01-15T00:00:00,68.0,136.0,70.0,15,6,0,0,0,0,1,0,0,0,0,0.7,17.8,0.1,0.2,0.0,0.0,2.3
140000155,Jeff,Hughes,Lights Out,Heavyweight,1988-05-17T00:00:00,74.0,258.0,77.0,10,4,0,1,4,1,1,1,2,0,0,3.6,49.2,0.7,0.0,0.0,0.0,0.0
140000360,Sijara,Eubanks,SarJ,Women's Flyweight,1985-04-27T00:00:00,64.0,125.0,67.0,8,6,0,0,8,0,0,0,0,0,0,11.5,78.7,4.9,0.9,11.3,11.3,45.4
140000105,Damir,Hadzovic,The Bosnian Bomber,Lightweight,1986-08-08T00:00:00,69.0,155.0,70.0,14,6,0,0,11,3,8,3,0,0,0,10.1,85.1,2.4,0.5,16.1,16.1,16.1
140000116,Petr,Yan,No Mercy,Bantamweight,1993-02-11T00:00:00,67.0,135.0,67.0,16,2,0,0,11,0,2,0,3,2,0,9.2,70.1,2.7,0.3,27.5,27.5,27.5
140000158,Marion,Reneau,The Belizean Bruiser,Women's Bantamweight,1977-06-20T00:00:00,66.0,136.0,68.0,9,8,1,0,14,3,8,0,0,0,0,8.9,85.2,1.7,2.2,18.5,18.5,15.5
140001009,Calen,Born,,Welterweight,1988-05-24T00:00:00,68.0,170.0,72.0,7,1,0,0,5,0,11,0,0,0,0,,,,,0.0,0.0,0.0
140000455,Kenneth,Bergh,,,1989-06-26T00:00:00,74.0,205.0,76.0,8,0,0,1,1,0,4,0,0,0,0,3.4,64.7,0.0,0.0,0.0,0.0,0.0
140001047,Dricus,Du Plessis,Stilknocks,Middleweight,1994-01-14T00:00:00,73.0,185.0,76.0,16,2,0,0,6,1,8,1,1,1,0,4.4,45.1,2.6,0.0,10.3,10.3,0.0
140000127,Gina,Mazany,Danger,Women's Bantamweight,1988-08-19T00:00:00,66.0,126.0,68.0,7,5,0,0,1,1,0,0,0,0,0,0.8,31.3,1.1,0.1,1.9,1.9,1.9
140000959,Manel,Kape,Starboy,Flyweight,1993-11-14T00:00:00,65.0,129.0,68.0,16,6,0,0,16,0,12,5,2,0,0,9.2,78.1,2.1,0.0,11.3,11.3,0.0
140000195,Leon,Edwards,Rocky,Welterweight,1991-08-25T00:00:00,74.0,170.0,74.0,19,3,0,1,2,0,1,0,0,0,0,0.8,31.6,0.5,0.1,2.7,2.7,19.3
140000088,Andre,Fili,Touchy,Featherweight,1990-06-25T00:00:00,71.0,145.0,74.0,21,8,0,1,1,0,0,0,0,0,0,0.5,14.3,0.3,0.0,1.2,1.2,2.4
140000357,Michel,Pereira,Demolidor,Welterweight,1993-10-06T00:00:00,73.0,170.0,73.0,26,11,0,2,1,0,1,0,0,0,0,0.4,19.1,0.2,0.1,0.3,0.3,0.5
140000911,Gabe,Green,Gifted,Welterweight,1993-05-02T00:00:00,70.0,170.0,73.0,10,3,0,0,3,2,7,0,0,0,0,7.4,49.1,1.1,0.6,0.0,0.0,8.6
140001029,Dinis,Paiva,Sweetbread,Featherweight,1988-05-26T00:00:00,69.0,145.0,71.0,13,8,0,0,11,0,5,10,0,3,0,6.5,65.8,0.0,0.0,0.0,0.0,0.0
140000050,Renato,Moicano,Moicano,Featherweight,1989-05-21T00:00:00,71.0,155.0,72.0,15,4,1,0,0,2,6,1,0,0,0,3.5,41.5,1.4,0.4,0.0,0.0,12.5
140000052,Marlon,Moraes,Magic,Bantamweight,1988-04-26T00:00:00,66.0,135.0,67.0,23,9,1,0,4,2,2,1,2,1,0,1.4,27.0,0.4,0.1,2.5,2.5,2.5
140000840,Joe,Lowry,,Lightweight,1989-12-12T00:00:00,71.0,155.0,73.0,9,2,0,0,3,1,1,0,0,0,0,3.7,33.4,0.0,0.0,0.0,0.0,0.0
140000315,Kyle,Nelson,The Monster,Featherweight,1991-04-20T00:00:00,71.0,145.0,71.0,13,4,0,0,5,2,4,1,0,0,0,3.7,42.4,1.0,2.0,6.1,6.1,0.0
140000010,Vinicius,Moreira,Mamute,Light Heavyweight,1989-02-28T00:00:00,76.0,206.0,76.0,9,5,0,0,1,4,7,1,0,0,0,2.9,57.0,1.8,1.2,0.0,0.0,0.0
140000123,Jan,Blachowicz,,Light Heavyweight,1983-02-24T00:00:00,74.0,205.0,78.0,28,9,0,0,10,3,12,3,8,3,0,6.0,75.1,1.9,0.4,14.0,14.0,17.5
140000214,Jussier,Formiga,,Flyweight,1985-04-14T00:00:00,65.0,125.0,67.0,23,8,0,0,0,4,10,0,0,0,0,1.4,56.9,1.8,0.6,0.0,0.0,19.3
140000377,Leonardo,Santos,Nenhum,Lightweight,1980-02-05T00:00:00,72.0,155.0,75.0,18,5,1,0,0,0,1,0,0,0,0,0.2,14.2,0.1,0.0,0.6,0.6,0.8
140000994,Kyron,Bowen,Mambo,Middleweight,1993-12-22T00:00:00,74.0,170.0,78.0,9,7,0,0,8,3,6,6,0,0,0,4.2,71.2,0.0,0.0,0.0,0.0,0.0
140000594,Muslim,Salikhov,King of Kung Fu,Welterweight,1984-06-09T00:00:00,71.0,170.0,70.0,18,2,0,0,15,0,3,3,0,0,0,4.9,61.3,1.7,0.0,12.5,12.5,18.7
140000135,Misha,Cirkunov,,Light Heavyweight,1987-02-27T00:00:00,75.0,185.0,77.0,15,7,0,0,3,3,7,2,0,0,0,3.0,55.3,3.6,1.3,3.6,3.6,0.0
140000555,Yoel,Romero,Soldier of God,Middleweight,1977-04-30T00:00:00,72.0,185.0,73.5,13,6,0,0,11,1,0,0,1,2,0,3.2,52.7,1.4,0.0,37.3,37.3,10.6
140000080,Scott,Holtzman,Hot Sauce,Lightweight,1983-09-30T00:00:00,69.0,155.0,69.0,14,5,0,0,1,0,0,0,0,0,0,0.9,26.6,0.4,0.0,1.1,1.1,4.3
140000926,Tagir,Ulanbekov,,Flyweight,1991-08-07T00:00:00,67.0,125.0,70.0,14,1,0,0,4,0,11,0,0,2,0,3.8,72.8,7.9,0.9,0.0,0.0,17.7
140000955,Jose,Flores,Luke,Lightweight,1988-03-17T00:00:00,72.0,155.0,73.0,9,2,0,0,3,0,5,2,0,0,0,1.4,42.5,0.0,1.1,0.0,0.0,0.0
140000260,Ovince,Saint Preux,OSP,Light Heavyweight,1983-04-08T00:00:00,75.0,205.0,80.0,25,16,0,0,17,7,12,5,0,2,0,4.4,71.1,2.0,0.9,28.3,28.3,15.7
140000212,Steven,Peterson,Ocho,Featherweight,1990-05-29T00:00:00,70.0,148.0,70.0,19,9,0,0,6,1,9,0,1,1,0,5.1,48.4,2.1,0.7,4.1,4.1,8.2
140000183,Marc,Diakiese,Bonecrusher,Lightweight,1993-03-16T00:00:00,70.0,155.0,73.0,14,5,0,0,16,0,3,5,0,0,0,8.2,73.8,5.7,0.0,17.2,17.2,25.8
140000044,Justin,Ledet,El Blanco,Light Heavyweight,1988-09-28T00:00:00,76.0,205.0,80.0,9,4,0,1,2,2,5,0,0,0,0,3.5,43.6,0.2,0.2,0.0,0.0,14.6
140000991,Parker,Porter,,Heavyweight,1985-04-22T00:00:00,72.0,262.0,75.0,12,6,0,0,2,2,2,1,0,0,0,5.3,42.9,0.9,0.4,0.0,0.0,6.9
140000482,Domingo,Pilarte,Son of Fire,Bantamweight,1990-01-05T00:00:00,72.0,136.0,74.0,8,3,0,1,4,0,8,0,0,0,0,2.6,97.4,2.4,1.6,0.0,0.0,0.0
140000996,Anthony,Romero,The Genius,Lightweight,1997-02-25T00:00:00,71.0,155.0,70.0,9,0,0,0,2,0,1,0,0,0,0,5.3,50.0,1.8,0.0,0.0,0.0,0.0
140001044,Cameron,Else,Camchida,Bantamweight,1991-04-27T00:00:00,69.0,135.0,71.0,10,5,0,0,3,2,2,1,0,0,0,1.0,33.9,0.0,0.0,0.0,0.0,0.0
140000998,Jeff,Molina,El Jefe,Flyweight,1997-07-17T00:00:00,66.0,125.0,69.0,10,2,0,0,6,0,10,2,0,0,0,12.1,77.7,0.0,0.0,11.6,11.6,23.2
140000119,Gian,Villante,,Light Heavyweight,1985-08-18T00:00:00,75.0,261.0,76.0,17,14,0,0,13,11,4,2,4,0,0,7.7,62.6,0.8,0.0,21.4,21.4,21.4
140000464,Mike,Rodriguez,Slo Mike,Light Heavyweight,1988-11-28T00:00:00,76.0,202.0,82.5,11,7,0,1,10,1,2,3,0,0,0,4.8,63.4,0.0,0.0,16.6,16.6,0.0
140000993,Collin,Huckbody,All In,Middleweight,1994-09-29T00:00:00,75.0,185.0,76.0,9,3,0,0,3,0,16,3,3,3,0,5.6,99.5,17.0,33.9,0.0,0.0,0.0
140000354,Ed,Herman,Short Fuse,Light Heavyweight,1980-10-02T00:00:00,73.0,205.0,77.0,27,15,0,1,14,6,21,12,0,2,0,6.5,86.6,4.2,2.2,13.1,13.1,13.1
140000222,Alex,Perez,,Flyweight,1992-03-21T00:00:00,66.0,125.0,65.0,24,6,0,0,15,3,12,12,3,6,0,13.7,99.0,8.6,3.9,11.5,11.5,11.5
140000724,Chris,Gruetzemacher,Gritz,Lightweight,1986-06-16T00:00:00,68.0,156.0,68.0,15,4,0,0,10,2,6,6,0,0,0,14.3,91.1,0.0,0.0,10.8,10.8,15.1
140000472,Brendan,Allen,All In,Middleweight,1995-12-28T00:00:00,74.0,185.0,75.0,17,4,0,0,6,1,11,1,2,2,0,4.9,62.8,1.5,1.8,5.7,5.7,10.4
140000554,Gabriel,Benitez,Moggly,Featherweight,1988-06-15T00:00:00,68.0,146.0,71.0,22,10,0,0,6,2,7,1,0,0,0,3.1,36.7,0.1,0.8,4.4,4.4,4.4
140000546,Shanna,Young,The Shanimal,Women's Bantamweight,1991-02-20T00:00:00,67.0,135.0,65.0,8,5,0,0,2,2,5,3,0,0,0,4.8,73.5,0.0,1.6,0.0,0.0,0.0
140000122,Marcos Rogerio,de Lima,Pezao,Heavyweight,1985-06-25T00:00:00,73.0,259.0,75.0,19,8,1,0,15,1,4,8,0,0,0,4.7,79.2,1.6,0.8,21.1,21.1,10.0
140000633,Mackenzie,Dern,,Women's Strawweight,1993-03-24T00:00:00,64.0,114.0,63.0,11,2,0,0,0,0,4,0,0,0,0,1.7,32.3,0.3,1.0,0.0,0.0,11.3
140000820,Chase,Hooper,The Dream,Featherweight,1999-09-13T00:00:00,73.0,145.0,74.0,10,2,1,0,2,0,4,0,0,0,0,2.8,49.8,0.7,1.6,5.6,5.6,5.6
140000469,Mirsad,Bektic,,Featherweight,1991-02-16T00:00:00,68.0,145.0,70.0,13,4,0,0,11,4,6,2,0,0,0,4.5,84.3,7.4,0.8,16.1,16.1,24.1
140000949,Jerome,Rivera,Renegade,Flyweight,1995-04-22T00:00:00,70.0,125.0,72.0,10,6,0,0,1,2,4,1,0,1,0,2.4,39.4,0.0,0.0,0.0,0.0,4.6
140000953,Dustin,Jacoby,The Hanyak,Middleweight,1988-04-04T00:00:00,75.0,204.0,76.0,16,5,1,0,13,2,2,3,2,0,0,8.2,64.5,0.5,0.0,11.4,11.4,17.1
140001050,Stephanie,Egger,,Women's Bantamweight,1988-08-12T00:00:00,66.0,135.0,68.0,6,2,0,0,1,0,0,0,0,0,0,0.4,27.2,0.4,0.0,2.8,2.8,0.0
140001065,Gloria,de Paula,Glorinha,Women's Strawweight,1995-06-10T00:00:00,65.0,115.0,67.5,5,4,0,0,1,0,0,0,0,0,0,1.7,40.5,0.0,0.5,0.0,0.0,5.4
140000243,Josh,Emmett,,Featherweight,1985-03-04T00:00:00,66.0,145.0,70.0,16,2,0,0,9,1,3,0,0,0,0,6.3,49.6,2.1,0.2,20.1,20.1,26.8
140001026,Sherrard,Blackledge,The Thriller,Lightweight,1993-08-16T00:00:00,71.0,155.0,75.0,5,1,0,0,0,0,0,0,0,0,0,1.2,25.0,1.5,0.0,0.0,0.0,0.0
140000023,Greg,Hardy,Prince of War,Heavyweight,1988-07-28T00:00:00,77.0,264.0,80.5,7,4,0,1,9,3,0,0,0,0,0,7.0,63.1,0.3,0.0,50.1,50.1,10.0
140000702,Brian,Kelleher,Boom,Featherweight,1986-08-19T00:00:00,66.0,136.0,66.0,23,12,0,0,12,1,12,9,0,0,0,5.3,66.2,1.9,1.3,8.3,8.3,8.3
140000238,Paul,Craig,BearJew,Light Heavyweight,1987-11-27T00:00:00,75.0,205.0,76.0,15,4,1,0,4,4,13,1,1,0,0,3.1,70.3,2.4,2.2,10.9,10.9,0.0
140000792,Julian,Marquez,The Cuban Missile Crisis,Middleweight,1990-05-08T00:00:00,74.0,185.0,72.0,9,2,0,0,3,0,2,0,0,0,0,2.4,37.6,0.0,1.9,5.3,5.3,0.0
140000986,Orion,Cosce,Galaxy,Welterweight,1994-07-15T00:00:00,71.0,170.0,71.0,7,1,0,0,17,3,3,0,0,0,0,10.3,112.2,5.2,0.0,20.8,20.8,0.0
140000055,Callan,Potter,The Rockstar,Welterweight,1984-06-09T00:00:00,72.0,170.0,72.0,18,9,0,0,7,6,11,4,0,0,0,3.5,53.2,3.7,0.0,0.0,0.0,4.1
140000074,Israel,Adesanya,The Last Stylebender,Middleweight,1989-07-22T00:00:00,76.0,185.0,80.0,21,1,0,0,26,0,0,0,15,3,0,11.9,92.3,0.0,0.7,31.6,31.6,47.4
140000619,Makhmud,Muradov,Mach,Middleweight,1990-02-08T00:00:00,74.0,184.0,75.5,25,7,0,0,11,0,1,2,0,0,0,2.4,28.3,0.1,0.1,2.7,2.7,1.4
140000409,Hannah,Goldy,24K,Women's Strawweight,1992-05-18T00:00:00,64.0,125.0,61.0,6,2,0,0,2,0,2,0,0,0,0,14.9,78.0,1.5,0.7,0.0,0.0,19.6
140001075,Landon,Quinones,The Lone Wolf,Lightweight,1995-11-21T00:00:00,69.0,155.0,0.0,5,1,1,0,7,0,2,0,0,0,0,,,,,0.0,0.0,0.0
140000723,Felice,Herrig,Lil Bulldog,Women's Strawweight,1984-09-18T00:00:00,64.0,115.0,65.0,14,9,0,0,2,0,8,2,0,0,0,7.4,64.7,2.4,1.8,0.0,0.0,18.6
140001021,Aliaskhab,Khizriev,Black Wolf,Middleweight,1990-08-24T00:00:00,69.0,185.0,74.0,13,0,0,0,7,0,6,0,1,0,0,8.7,100.6,21.7,21.7,0.0,0.0,0.0
140000397,Alexa,Grasso,,Women's Strawweight,1993-08-09T00:00:00,65.0,125.0,66.0,13,3,0,0,2,0,0,1,0,0,0,2.6,38.0,0.1,0.3,0.0,0.0,22.8
140000405,Yorgan,De Castro,The Mad Titan,Heavyweight,1986-12-19T00:00:00,72.0,261.0,74.0,6,3,0,0,15,3,0,0,0,0,0,7.2,94.4,0.0,0.0,38.1,38.1,0.0
140000632,Tim,Elliott,,Flyweight,1986-12-24T00:00:00,67.0,125.0,66.0,18,12,1,0,1,0,2,2,1,0,0,1.3,37.7,1.5,0.4,0.0,0.0,10.1
140000435,Jared,Gordon,Flash,Featherweight,1988-09-06T00:00:00,69.0,155.0,68.0,18,4,0,0,5,3,2,0,0,1,0,4.5,64.8,2.2,0.0,3.9,3.9,21.1
140000344,Bethe,Correia,Pitbull,Women's Bantamweight,1983-06-22T00:00:00,65.0,138.0,64.0,11,6,1,0,1,1,0,0,0,0,0,1.7,31.7,0.2,0.0,2.2,2.2,14.0
140000772,Jordan,Wright,The Beverley Hills Ninja,Middleweight,1991-10-07T00:00:00,74.0,185.0,77.0,12,1,0,1,1,0,0,0,0,0,0,0.6,19.8,0.0,0.0,0.6,0.6,0.0
140000903,Alexandr,Romanov,King Kong,Heavyweight,1990-12-11T00:00:00,74.0,260.0,75.0,15,0,0,0,2,0,3,0,0,0,0,1.6,34.5,2.0,0.5,2.4,2.4,2.4
140001027,Nassourdine,Imavov,The Sniper,Middleweight,1995-03-01T00:00:00,75.0,185.0,75.0,11,3,0,0,4,0,3,1,0,0,0,3.2,54.4,0.5,1.9,12.3,12.3,5.3
140000597,Liana,Jojua,She Wolf,Women's Bantamweight,1995-03-22T00:00:00,64.0,128.0,62.0,8,5,0,0,3,5,16,3,3,0,0,6.3,63.1,4.4,3.3,0.0,0.0,0.0
140000647,Alexander,Volkov,Drago,Heavyweight,1988-10-24T00:00:00,79.0,263.0,80.0,34,9,0,0,37,6,9,6,9,3,0,13.8,104.2,1.5,0.4,15.7,15.7,15.7
140000532,Kazula,Vargas,Kazula,Lightweight,1985-08-15T00:00:00,68.0,155.0,71.0,12,4,0,0,9,0,4,1,0,0,0,5.2,73.2,0.6,0.6,0.0,0.0,8.4
140001002,Kai,Kamaka,The Fighting Hawaiian,Featherweight,1995-01-05T00:00:00,67.0,144.0,69.0,8,4,1,0,0,5,3,0,0,0,0,12.5,97.8,4.8,0.7,0.0,0.0,12.2
140000510,Mariya,Agapova,,Women's Flyweight,1997-04-07T00:00:00,66.0,125.0,68.5,10,2,0,0,2,1,3,0,0,0,0,3.3,47.1,0.5,0.5,0.0,0.0,0.0
140000282,Antonina,Shevchenko,La Pantera,Women's Flyweight,1984-11-20T00:00:00,68.0,125.0,67.0,9,4,0,0,1,0,0,0,0,0,0,1.2,35.4,0.2,0.2,4.8,4.8,2.4
140001030,Kyle,Driscoll,KD,Featherweight,1994-09-23T00:00:00,71.0,145.0,74.0,12,3,0,0,1,0,0,0,0,0,0,0.8,17.6,0.6,0.0,0.0,0.0,0.0
140000749,Tom,Breese,,Middleweight,1991-09-26T00:00:00,75.0,186.0,73.0,12,3,0,0,9,2,11,2,0,0,0,6.0,76.2,0.0,1.9,35.7,35.7,11.9
140000286,Arman,Tsarukyan,Ahalkalakets,Lightweight,1996-10-11T00:00:00,67.0,155.0,72.5,17,2,0,0,9,1,7,0,0,0,0,5.3,71.7,5.0,0.0,7.8,7.8,19.2
140000645,Roman,Kopylov,,Middleweight,1991-05-04T00:00:00,72.0,186.0,75.0,8,2,0,0,14,0,0,2,2,0,0,5.2,61.7,1.0,0.0,0.0,0.0,0.0
140000196,Jorge,Masvidal,Gamebred,Welterweight,1984-11-12T00:00:00,71.0,170.0,74.0,35,15,0,0,15,2,2,2,0,3,0,4.0,53.3,1.4,0.3,11.6,11.6,17.4
140001019,Tafon,Nchukwi,Da Don,Light Heavyweight,1994-10-14T00:00:00,72.0,205.0,77.0,6,1,0,0,3,0,0,0,0,0,0,5.0,49.4,0.9,0.0,12.4,12.4,24.9
140000729,Brad,Tavares,,Middleweight,1987-12-21T00:00:00,73.0,184.0,74.0,19,7,0,0,10,6,4,2,0,0,0,6.3,66.8,1.8,0.0,10.8,10.8,64.8
140001088,Sam,Hughes,Sampage,Women's Strawweight,1992-06-28T00:00:00,65.0,115.0,64.5,5,3,0,0,0,0,1,0,0,0,0,1.4,42.9,0.0,0.0,0.0,0.0,0.0
140000984,Chad,Johnson,Big Rig,Heavyweight,1986-07-22T00:00:00,74.0,215.0,80.0,6,3,0,0,1,0,0,0,0,0,0,1.3,31.8,0.0,0.0,0.0,0.0,0.0
140000965,Joe,Pyfer,Bodybagz,,1996-09-17T00:00:00,73.0,185.0,0.0,0,0,0,0,0,0,0,0,0,0,0,,,,,0.0,0.0,0.0
140001045,Jacob,Malkoun,Mamba,Middleweight,1995-08-26T00:00:00,69.0,186.0,73.0,5,1,0,0,1,0,0,0,0,0,0,0.7,42.0,3.1,0.8,0.0,0.0,10.5
140001016,Dennis,Buzukja,The Great,Featherweight,1997-10-01T00:00:00,69.0,145.0,71.0,4,2,0,0,3,0,0,0,0,0,0,6.2,59.9,3.3,1.6,0.0,0.0,0.0
140000318,Aiemann,Zahabi,,Bantamweight,1987-11-19T00:00:00,68.0,136.0,68.0,8,2,0,0,15,3,6,0,0,0,0,8.4,70.6,1.0,0.0,17.2,17.2,17.2
140000579,Dusko,Todorovic,Thunder,Middleweight,1994-05-19T00:00:00,73.0,185.0,74.0,10,2,0,0,3,1,2,0,0,0,0,3.2,47.2,0.2,0.0,4.6,4.6,4.6
140001010,Trevin,Jones,5 Star,Bantamweight,1990-08-04T00:00:00,67.0,135.0,70.0,13,7,0,1,1,0,1,1,0,0,0,0.8,39.3,0.4,0.0,1.7,1.7,0.0
140001023,Mana,Martinez,Manaboi,Bantamweight,1996-03-25T00:00:00,70.0,140.0,70.0,9,2,0,0,7,0,0,1,1,0,0,4.0,49.8,1.4,0.7,0.0,0.0,7.5
140000362,Austin,Hubbard,Thud,Lightweight,1991-12-22T00:00:00,70.0,156.0,71.0,13,6,0,0,8,0,6,4,2,0,0,7.0,74.5,2.6,0.0,0.0,0.0,14.6
140000353,Trevin,Giles,,Middleweight,1992-08-06T00:00:00,72.0,185.0,74.0,14,3,0,0,1,0,1,0,0,0,0,0.3,19.8,0.1,0.0,1.9,1.9,1.3
140000140,Tecia,Torres,The Tiny Tornado,Women's Strawweight,1989-08-16T00:00:00,61.0,115.0,60.5,13,5,0,0,2,0,2,0,0,0,0,8.4,73.4,1.3,0.1,0.0,0.0,51.8
140000037,Taila,Santos,,Women's Flyweight,1993-06-22T00:00:00,66.0,125.0,68.0,18,1,0,0,13,0,3,0,0,0,0,5.9,77.1,4.3,1.3,0.0,0.0,27.0
140000534,Ciryl,Gane,Bon Gamin,Heavyweight,1990-04-12T00:00:00,76.0,247.0,81.0,10,0,0,0,3,0,2,0,1,0,1,4.4,54.6,0.6,0.2,18.2,18.2,27.3
140000908,Ike,Villanueva,Hurricane,Heavyweight,1984-04-04T00:00:00,73.0,205.0,73.0,18,13,0,0,2,1,0,1,0,0,0,0.5,15.1,0.1,0.0,0.4,0.4,0.0
140000885,Abubakar,Nurmagomedov,,Welterweight,1989-11-13T00:00:00,71.0,170.0,72.0,16,3,1,0,1,0,1,0,0,0,0,0.8,29.7,0.4,0.0,0.0,0.0,1.2
140000136,Jeremy,Stephens,Lil' Heathen,Featherweight,1986-05-25T00:00:00,69.0,156.0,71.0,28,19,0,1,25,5,3,7,0,0,0,5.4,63.1,2.0,0.7,19.0,19.0,19.0
140000270,Gadzhimurad,Antigulov,,Light Heavyweight,1987-02-09T00:00:00,71.0,205.0,70.5,20,8,0,0,1,2,5,1,0,0,0,0.7,37.3,1.7,0.5,0.0,0.0,0.0
140000933,Jason,Witt,The Vanilla Gorilla,Welterweight,1986-11-07T00:00:00,70.0,170.0,70.0,19,7,0,0,5,9,11,3,0,0,0,4.6,80.5,11.3,2.3,0.0,0.0,6.7
140000321,Andrew,Sanchez,El Dirte,Middleweight,1988-04-08T00:00:00,73.0,185.0,74.0,13,7,0,0,14,10,4,0,4,2,0,8.5,73.3,5.0,0.0,9.9,9.9,28.1
140000899,Josh,Culibao,Kuya,Lightweight,1994-05-24T00:00:00,70.0,146.0,73.0,9,1,1,0,8,2,0,0,0,0,0,4.7,63.2,0.0,0.6,0.0,0.0,11.5
140000108,Gillian,Robertson,The Savage,Women's Flyweight,1995-05-17T00:00:00,65.0,125.0,63.0,9,6,0,0,1,1,4,1,0,0,0,1.3,50.0,1.7,0.6,4.5,4.5,4.5
140000602,Chas,Skelly,The Scrapper,Featherweight,1985-05-11T00:00:00,71.0,146.0,72.0,18,3,0,1,6,2,14,0,0,0,0,4.0,56.9,3.4,4.8,9.0,9.0,12.8
140000272,Marcin,Tybura,Tybur,Heavyweight,1985-11-09T00:00:00,75.0,249.0,78.0,22,7,0,0,7,3,5,0,2,1,0,2.8,52.4,1.2,0.1,12.0,12.0,15.0
140000348,Jared,Cannonier,The Killa Gorilla,Middleweight,1984-03-16T00:00:00,71.0,185.0,77.5,14,5,0,0,10,3,3,0,0,0,0,4.7,61.0,0.2,0.0,30.1,30.1,12.0
140000988,Hilarie,Rose,,Women's Strawweight,1992-11-11T00:00:00,63.0,115.0,63.0,5,3,0,0,1,1,1,0,0,0,0,0.9,20.5,0.0,0.0,0.0,0.0,0.0
140000085,Jimmie,Rivera,El Terror,Featherweight,1989-06-29T00:00:00,64.0,135.0,68.5,23,5,0,0,8,2,4,0,4,0,0,8.3,62.6,1.8,0.2,7.4,7.4,30.8
140000882,Sean,Brady,,Welterweight,1992-11-23T00:00:00,70.0,170.0,72.0,14,0,0,0,2,0,3,0,1,0,0,3.8,58.7,2.1,1.0,0.0,0.0,12.8
140000129,Charles,Byrd,Kid Dynamite,Middleweight,1983-10-11T00:00:00,70.0,185.0,73.0,10,7,0,0,1,1,1,0,0,0,0,0.8,26.4,0.6,0.3,0.0,0.0,0.0
140000223,Mark,De La Rosa,The Bumblebee,Bantamweight,1994-08-31T00:00:00,66.0,135.0,65.0,11,5,0,0,1,1,8,1,0,0,0,4.1,40.4,0.7,0.2,0.0,0.0,8.1
140000292,Jim,Miller,A-10,Lightweight,1983-08-30T00:00:00,68.0,155.0,71.0,33,16,0,1,9,4,24,5,4,0,0,4.8,65.8,2.9,3.3,10.7,10.7,21.5
140000599,Lerone,Murphy,The Miracle,Featherweight,1991-07-22T00:00:00,69.0,146.0,73.5,11,0,1,0,10,0,0,0,0,0,0,3.8,63.8,1.1,1.1,20.3,20.3,10.1
140000956,Cameron,Church,,Lightweight,1990-09-27T00:00:00,71.0,155.0,72.0,4,1,0,0,1,0,0,0,0,0,0,1.2,22.0,0.0,0.3,0.0,0.0,0.0
140000526,Herbert,Burns,The Blaze,Featherweight,1988-02-02T00:00:00,69.0,149.0,73.0,11,3,0,0,2,2,11,0,0,0,0,3.0,81.3,8.2,4.9,12.6,12.6,0.0
140000499,Gavin,Tucker,Guv'Nor,Featherweight,1986-06-17T00:00:00,66.0,146.0,66.0,13,2,0,0,5,1,8,0,0,0,0,5.5,54.6,3.7,1.9,0.0,0.0,14.9
140000549,William,Knight,Knightmare,Light Heavyweight,1988-04-03T00:00:00,70.0,206.0,73.0,10,2,0,0,14,2,0,0,0,0,0,8.3,116.4,5.5,0.7,38.2,38.2,12.7
140000124,Thiago,Santos,Marreta,Light Heavyweight,1984-01-07T00:00:00,74.0,206.0,76.0,22,9,0,0,13,2,1,2,0,1,0,3.1,46.9,0.5,0.1,31.4,31.4,7.6
140000929,Jinh Yu,Frey,,Women's Strawweight,1985-05-20T00:00:00,63.0,115.0,65.0,11,6,0,0,1,1,1,1,2,2,0,1.8,37.3,0.5,0.3,0.0,0.0,7.3
140000969,TJ,Laramie,The Truth,Featherweight,1997-10-15T00:00:00,66.0,145.0,66.0,12,4,0,0,6,2,2,1,0,0,0,2.3,60.0,2.2,0.0,0.0,0.0,0.0
140000667,Thomas,Almeida,Thominhas,Bantamweight,1991-07-31T00:00:00,67.0,136.0,70.0,22,5,0,0,28,8,10,0,3,0,0,12.7,70.8,0.4,0.0,24.0,24.0,9.7
140000486,Francisco,Trinaldo,Massaranduba,Lightweight,1978-08-24T00:00:00,69.0,170.0,70.0,27,8,0,0,1,0,1,0,0,0,0,0.4,18.2,0.1,0.1,1.5,1.5,10.5
140000540,Eduardo,Garagorri,,Featherweight,1989-05-28T00:00:00,69.0,145.0,70.0,13,2,0,0,12,0,10,6,0,0,0,10.0,87.7,1.4,0.0,0.0,0.0,11.4
140001049,Ilia,Topuria,El Matador,Featherweight,1997-01-21T00:00:00,67.0,145.0,69.0,11,0,0,0,7,0,11,0,0,0,0,6.4,76.0,7.7,7.7,27.6,27.6,13.8
140000958,Jhonoven,Pati,The Samoan Savage,Middleweight,1990-04-29T00:00:00,73.0,185.0,75.0,6,5,0,0,5,2,1,2,0,0,0,2.8,52.7,2.6,0.0,0.0,0.0,0.0
140000511,Aalon,Cruz,,Featherweight,1989-09-20T00:00:00,72.0,155.0,78.0,8,4,0,0,1,1,1,1,0,0,0,2.4,22.1,0.0,0.0,2.7,2.7,0.0
140000133,Alejandro,Perez,Turbo,Bantamweight,1989-09-02T00:00:00,66.0,135.0,67.0,23,8,1,0,3,1,2,1,0,0,0,1.2,25.0,0.2,0.1,3.2,3.2,4.2
140000226,Ray,Borg,The Tazmexican Devil,Bantamweight,1993-08-04T00:00:00,64.0,135.0,63.0,13,5,0,0,2,0,14,2,0,2,0,3.7,98.7,9.3,2.5,0.0,0.0,43.1
140000564,Steve,Garcia,Mean Machine,Bantamweight,1992-05-22T00:00:00,72.0,155.0,75.0,12,4,0,0,13,0,0,2,0,0,0,9.9,97.3,4.3,1.1,18.6,18.6,0.0
140000400,Tai,Tuivasa,Bam Bam,Heavyweight,1993-03-16T00:00:00,74.0,263.0,75.0,13,3,0,0,16,2,0,2,0,0,0,7.6,68.5,0.0,0.0,40.7,40.7,10.6
140000806,Ricky,Glenn,The Gladiator,Featherweight,1989-04-12T00:00:00,72.0,156.0,70.5,22,6,2,0,19,0,10,5,3,3,0,10.3,80.4,1.5,1.1,8.5,8.5,16.0
140000440,Song,Yadong,The Terminator,Bantamweight,1997-12-02T00:00:00,68.0,135.0,67.0,18,5,1,1,10,1,4,0,0,0,0,6.6,55.2,0.6,0.4,14.0,14.0,14.0
140000481,Antonio,Arroyo,,Middleweight,1989-07-01T00:00:00,75.0,186.0,73.0,9,5,0,0,7,2,7,3,0,0,0,4.7,94.0,1.9,0.4,0.0,0.0,11.9
140000089,Vicente,Luque,The Silent Assassin,Welterweight,1991-11-27T00:00:00,71.0,170.0,75.5,21,7,1,0,6,0,4,1,0,0,0,2.9,40.8,0.3,0.5,17.3,17.3,1.8
140000981,Damonte,Robinson,,Lightweight,1995-06-10T00:00:00,72.0,155.0,0.0,6,1,1,0,2,0,7,2,0,0,0,,,,,0.0,0.0,0.0
140001078,Nick,Maximov,,Middleweight,1997-12-23T00:00:00,72.0,185.0,76.0,7,0,0,0,0,0,0,0,0,0,0,0.3,25.3,0.5,0.0,0.0,0.0,11.3
140000259,Matt,Frevola,The SteamRolla,Lightweight,1990-06-11T00:00:00,69.0,155.0,71.0,8,3,1,0,1,2,2,0,0,0,0,2.2,40.5,2.1,0.9,0.0,0.0,15.1
140000898,Carlos,Felipe,Boi,Heavyweight,1995-01-12T00:00:00,72.0,259.0,75.0,11,2,0,0,15,0,0,0,0,0,0,12.4,75.3,0.0,0.0,0.0,0.0,36.8
140000350,Rose,Namajunas,Thug,Women's Strawweight,1992-06-29T00:00:00,65.0,115.0,65.0,12,4,0,0,1,1,3,1,2,1,0,2.2,33.6,1.0,0.4,6.8,6.8,18.5
140000338,Clay,Guida,The Carpenter,Lightweight,1981-12-08T00:00:00,67.0,155.0,70.0,36,18,0,0,1,0,1,1,0,0,0,0.2,14.0,0.3,0.1,0.3,0.3,1.9
140001038,Sergey,Morozov,,Bantamweight,1989-06-14T00:00:00,66.0,135.0,67.0,17,4,0,0,1,0,0,0,0,0,0,0.2,14.6,0.3,0.0,0.0,0.0,0.3
140001036,Tucker,Lutz,Top Gun,Lightweight,1994-07-12T00:00:00,68.0,145.0,72.0,12,1,0,0,9,1,3,0,0,0,0,7.5,68.3,3.4,0.5,0.0,0.0,28.0
140000329,Derek,Brunson,,Middleweight,1984-01-04T00:00:00,73.0,186.0,77.0,23,7,0,0,1,0,0,0,0,0,0,0.3,17.4,0.3,0.0,1.9,1.9,1.9
140000090,Bryan,Barberena,Bam Bam,Welterweight,1989-05-03T00:00:00,72.0,170.0,72.5,15,8,0,0,12,3,3,2,0,0,0,8.0,74.9,0.3,0.6,16.1,16.1,10.7
140000091,Alex,Caceres,Bruce Leeroy,Featherweight,1988-06-20T00:00:00,70.0,146.0,73.5,19,12,0,1,4,1,9,9,0,0,0,5.2,61.8,0.7,1.0,0.0,0.0,31.5
140000941,Khamzat,Chimaev,Borz,Welterweight,1994-05-01T00:00:00,74.0,171.0,75.0,10,0,0,0,1,0,1,0,0,0,0,2.0,39.7,1.1,1.3,4.6,4.6,0.0
140000990,Danny,Chavez,The Colombian Warrior,Featherweight,1987-03-14T00:00:00,68.0,145.0,67.0,11,4,1,0,2,0,0,1,0,0,0,2.4,37.9,1.6,0.0,0.0,0.0,5.1
140000463,Nicco,Montano,,Women's Flyweight,1988-12-16T00:00:00,65.0,143.0,65.0,5,3,0,0,1,0,0,0,0,0,0,2.7,33.0,1.1,0.2,0.0,0.0,5.9
140000215,Deiveson,Figueiredo,Deus da Guerra,Flyweight,1987-12-18T00:00:00,65.0,125.0,68.0,20,2,1,0,11,0,10,1,4,1,2,4.0,68.0,1.9,2.6,19.3,19.3,10.7
140000815,Bartosz,Fabinski,The Butcher,Welterweight,1986-04-26T00:00:00,72.0,184.0,75.0,15,5,0,0,8,0,0,4,0,0,0,2.2,79.0,7.1,0.0,0.0,0.0,15.0
140000218,Curtis,Blaydes,Razor,Heavyweight,1991-02-18T00:00:00,76.0,261.0,80.0,15,3,0,1,12,4,0,0,0,0,0,4.6,71.9,8.4,0.0,24.3,24.3,30.4
140000229,Kevin,Holland,Trailblazer,Middleweight,1992-11-05T00:00:00,75.0,183.0,81.0,21,7,0,1,17,0,12,6,0,0,0,10.5,118.1,2.6,1.5,17.5,17.5,23.3
140001025,Phil,Hawes,Megatron,Middleweight,1989-01-08T00:00:00,72.0,185.0,77.5,11,3,0,0,2,1,1,0,0,0,0,1.3,38.6,0.8,0.1,4.5,4.5,4.5
140000881,Charles,Rosa,Boston Strong,Featherweight,1986-08-24T00:00:00,69.0,145.0,69.0,14,6,0,0,8,3,13,0,0,0,0,8.5,74.5,5.0,2.8,0.0,0.0,25.0
140000488,Billy,Quarantillo,,Featherweight,1988-12-08T00:00:00,70.0,145.0,70.0,16,4,0,0,1,0,1,0,0,0,0,1.6,29.8,0.3,0.3,3.1,3.1,1.0
140000210,JJ,Aldrich,,Women's Flyweight,1992-09-29T00:00:00,65.0,125.0,67.5,10,4,0,0,1,1,0,1,0,0,0,2.4,39.4,0.5,0.0,0.0,0.0,33.3
140000269,Rafael,Fiziev,Ataman,Lightweight,1993-03-05T00:00:00,68.0,155.0,71.0,10,1,0,0,15,2,2,0,0,0,0,12.9,83.2,1.4,0.0,14.1,14.1,42.4
140001054,Guram,Kutateladze,,Lightweight,1992-01-08T00:00:00,71.0,155.0,72.0,12,2,0,0,10,0,2,2,0,0,0,5.2,66.8,0.0,0.0,0.0,0.0,10.3
140000922,Modestas,Bukauskas,The Baltic Gladiator,Middleweight,1994-02-10T00:00:00,75.0,205.0,78.0,11,5,0,0,5,2,1,1,1,0,0,2.4,31.5,0.0,0.0,4.2,4.2,0.0
140000100,Joel,Alvarez,El Fenomeno,Lightweight,1993-03-02T00:00:00,75.0,157.0,77.0,19,2,0,0,4,1,19,0,0,0,0,5.7,65.0,0.0,2.1,11.4,11.4,0.0
140000237,Sodiq,Yusuff,Super,Featherweight,1993-05-19T00:00:00,69.0,145.0,71.0,11,2,0,0,1,0,0,0,0,0,0,0.5,15.5,0.0,0.0,1.4,1.4,2.0
140000258,Alexandre,Pantoja,The Cannibal,Flyweight,1990-04-16T00:00:00,65.0,126.0,67.5,24,5,0,0,8,0,9,0,1,0,0,4.4,53.9,1.3,1.2,7.2,7.2,10.6
140000964,Dustin,Stoltzfus,,Middleweight,1991-11-15T00:00:00,72.0,185.0,75.0,13,3,0,0,4,0,11,2,0,0,0,8.2,81.6,1.1,1.1,13.9,13.9,0.0
140000972,Adrian,Yanez,,Bantamweight,1993-11-29T00:00:00,67.0,135.0,70.0,14,3,0,0,15,0,6,0,0,3,0,10.3,65.5,0.0,0.0,39.4,39.4,0.0
140000246,Edson,Barboza,Junior,Featherweight,1986-01-21T00:00:00,71.0,145.0,75.0,22,10,0,0,21,10,3,5,3,0,0,10.7,72.9,1.0,0.3,40.4,40.4,40.4
140000639,Chris,Weidman,The All-American,Middleweight,1984-06-17T00:00:00,74.0,186.0,78.0,15,6,0,0,2,2,1,0,2,0,0,1.1,31.1,1.4,0.3,11.3,11.3,11.3
140000389,Katlyn,Chookagian,Blonde Fighter,Women's Flyweight,1988-12-28T00:00:00,69.0,126.0,68.0,16,4,0,0,1,1,0,0,0,0,0,1.8,26.3,0.1,0.2,0.0,0.0,27.9
140000241,Karolina,Kowalkiewicz,,Women's Strawweight,1985-10-15T00:00:00,63.0,115.0,64.0,12,7,0,0,2,2,3,3,2,2,0,8.0,56.1,0.3,0.2,0.0,0.0,32.7
140000570,TJ,Brown,Downtown,Featherweight,1990-05-22T00:00:00,69.0,145.0,72.0,15,8,0,0,4,3,9,3,0,0,0,3.8,52.2,4.0,0.6,0.0,0.0,4.3
140000894,Khaos,Williams,The Ox Fighter,Welterweight,1994-03-30T00:00:00,72.0,170.0,77.0,13,2,0,0,12,0,2,0,0,0,0,8.4,55.0,0.0,0.0,25.9,25.9,11.2
140000366,Antonio,Carlos Jr.,Shoeface,Middleweight,1990-03-16T00:00:00,74.0,205.0,79.0,14,5,0,2,0,0,2,0,0,0,0,0.3,21.5,0.5,0.1,0.0,0.0,1.8
140000977,Charlie,Ontiveros,The American Bad Boy,Middleweight,1991-07-04T00:00:00,74.0,155.0,74.0,11,8,0,0,1,2,1,0,0,0,0,0.2,25.5,0.0,0.0,0.0,0.0,0.0
140001061,Oscar,Cota,Elevation,Heavyweight,1984-10-15T00:00:00,74.0,263.0,72.0,11,3,0,1,5,0,1,1,0,0,0,,,,,0.0,0.0,0.0
140000900,Spike,Carlyle,Alpha Ginger,Featherweight,1993-05-06T00:00:00,68.0,145.0,71.0,11,3,0,0,1,0,1,0,0,0,0,0.5,24.8,0.7,0.1,1.7,1.7,0.0
140000954,Ty,Flores,Big Medicine,Light Heavyweight,1993-12-22T00:00:00,75.0,205.0,73.0,8,3,0,0,1,1,2,0,0,0,0,1.4,31.6,0.7,0.0,0.0,0.0,0.0
140000264,Eryk,Anders,Ya Boi,Middleweight,1987-04-21T00:00:00,73.0,205.0,75.0,14,5,0,1,2,0,0,0,0,0,0,0.7,25.9,0.3,0.0,3.5,3.5,3.5
140000966,JP,Buys,Young Savage,Flyweight,1996-04-30T00:00:00,65.0,136.0,67.0,9,4,0,0,4,3,7,1,0,0,0,2.5,72.8,2.4,3.6,0.0,0.0,0.0
140000585,Da-Un,Jung,Sseda,Light Heavyweight,1993-12-07T00:00:00,76.0,205.0,78.5,15,2,1,0,4,0,1,0,0,0,0,1.3,28.7,0.9,0.1,3.7,3.7,1.9
140001024,Khadzhi,Bestaev,,Middleweight,1988-07-16T00:00:00,78.0,185.0,76.0,11,4,0,0,3,2,4,1,0,0,0,3.9,23.6,0.0,0.0,0.0,0.0,0.0
140000948,Kenneth,Cross,The Boss,Lightweight,1994-10-04T00:00:00,72.0,155.0,72.0,12,3,0,0,12,0,12,9,0,0,0,6.4,98.7,2.9,0.0,0.0,0.0,0.0
140000163,Omari,Akhmedov,Wolverine,Middleweight,1987-10-12T00:00:00,72.0,204.0,71.0,21,7,1,0,9,4,8,3,0,0,0,4.0,50.1,3.5,0.3,9.7,9.7,24.9
140000876,Juan,Espino,El Guapo,Heavyweight,1980-10-09T00:00:00,75.0,257.0,80.0,11,2,0,0,0,0,4,0,0,0,0,1.1,54.1,4.1,1.1,0.0,0.0,0.0
140000545,Sarah,Alpar,Too Sweet,Women's Bantamweight,1991-06-01T00:00:00,64.0,125.0,63.0,9,6,0,0,6,3,6,6,3,0,0,6.6,86.1,4.5,1.1,0.0,0.0,0.0
140001006,Matthew,Semelsberger,Semi the Jedi,Welterweight,1992-11-23T00:00:00,73.0,170.0,75.0,9,3,0,0,2,0,0,0,0,0,0,2.0,28.2,0.3,0.2,5.3,5.3,2.7
140001034,Muhammadjon,Naimov,Hillman,Featherweight,1994-08-07T00:00:00,69.0,145.0,70.0,5,2,0,0,7,0,2,0,0,0,0,7.9,62.4,0.0,0.0,0.0,0.0,0.0
140001012,Ronnie,Lawrence,The Heat,Bantamweight,1992-06-13T00:00:00,68.0,135.0,68.0,7,1,0,0,3,0,0,0,0,0,0,2.9,51.8,8.2,0.4,10.9,10.9,10.9
140000931,Daniel,Pineda,The Pit,Featherweight,1985-08-06T00:00:00,67.0,145.0,69.0,27,14,0,3,10,4,20,8,0,0,0,4.3,71.1,1.8,2.1,2.9,2.9,0.0
140000462,Julianna,Pena,The Venezuelan Vixen,Women's Bantamweight,1989-08-19T00:00:00,66.0,135.0,69.0,11,4,0,0,0,0,1,0,0,0,0,0.4,25.4,0.4,0.1,1.9,1.9,2.8
140000968,Daniel,Swain,Agent Orange,Featherweight,1991-01-30T00:00:00,69.0,145.0,70.0,20,11,1,0,13,11,20,5,0,0,0,2.1,72.8,0.0,16.1,0.0,0.0,0.0
140000574,Peter,Barrett,Slippery,Featherweight,1986-08-10T00:00:00,70.0,145.0,73.0,11,5,0,0,4,1,1,2,0,0,0,2.5,47.5,0.8,0.0,0.0,0.0,0.0
140000580,Karol,Rosa,,Women's Bantamweight,1994-12-30T00:00:00,65.0,135.0,67.0,15,3,0,0,7,0,3,3,0,0,0,10.3,79.7,2.6,0.0,0.0,0.0,29.1
140000061,Shane,Young,Smokin',Featherweight,1993-07-31T00:00:00,68.0,145.0,72.0,13,6,0,0,11,2,7,0,0,0,0,9.7,58.3,1.5,0.0,9.8,9.8,9.8
140000912,Anthony,Ivy,Aquaman,Welterweight,1990-01-23T00:00:00,74.0,170.0,74.0,8,5,0,0,11,4,6,4,0,0,0,5.4,61.9,10.1,0.0,0.0,0.0,0.0
140000426,Michael,Lombardo,The Don,Welterweight,1990-04-03T00:00:00,72.0,170.0,72.0,12,2,0,1,9,0,7,0,0,0,0,3.4,96.2,5.9,0.0,0.0,0.0,0.0
140000414,Matt,Wiman,Handsome,Lightweight,1983-09-19T00:00:00,70.0,155.0,68.0,16,10,0,0,10,10,12,0,0,0,0,7.8,78.4,5.2,3.8,12.0,12.0,30.1
140000066,Jimmy,Crute,,Light Heavyweight,1996-03-04T00:00:00,74.0,205.0,74.0,12,2,0,0,2,0,2,0,0,0,0,1.8,40.8,2.1,0.9,14.1,14.1,0.0
140000051,Raphael,Assuncao,,Bantamweight,1982-07-19T00:00:00,65.0,135.0,66.0,27,8,0,0,2,1,5,1,0,0,0,1.7,33.7,0.8,0.1,2.9,2.9,22.5
140000920,Roman,Bogatov,,Lightweight,1990-12-15T00:00:00,68.0,155.0,73.5,10,1,0,0,0,0,1,0,0,0,0,0.9,22.4,0.3,0.0,0.0,0.0,0.0
140000059,Kai,Kara-France,Don't Blink,Flyweight,1993-03-26T00:00:00,64.0,125.0,69.0,22,9,0,1,11,2,4,4,0,0,0,6.0,47.4,0.6,0.0,3.8,3.8,13.7
140001007,Mark,Striegl,Mugen,Bantamweight,1988-06-23T00:00:00,68.0,135.0,70.0,18,3,0,1,0,1,11,1,0,0,0,2.2,34.0,0.0,0.0,0.0,0.0,0.0
140000608,Tyson,Nam,,Flyweight,1983-10-06T00:00:00,67.0,126.0,68.0,20,12,1,0,16,7,2,0,0,2,0,8.1,47.8,0.0,0.0,13.5,13.5,0.0
140000909,Irwin,Rivera,The Beast,Bantamweight,1989-02-14T00:00:00,66.0,135.0,67.0,10,6,0,0,3,1,1,0,1,0,0,1.8,31.8,0.5,0.0,0.0,0.0,3.3
140000783,Jamall,Emmers,Pretty Boy,Featherweight,1989-07-24T00:00:00,70.0,145.0,74.0,18,6,0,0,8,2,4,2,0,1,0,6.8,59.0,3.3,0.5,0.0,0.0,4.9
140000983,Collin,Anglin,,Featherweight,1993-02-20T00:00:00,69.0,146.0,71.0,8,3,0,0,3,2,1,0,0,0,0,3.5,43.9,1.7,0.0,0.0,0.0,6.9
140000167,Blagoy,Ivanov,Baga,Heavyweight,1986-10-09T00:00:00,71.0,255.0,73.0,18,4,0,1,2,0,2,0,1,0,0,1.2,27.2,0.4,0.1,0.0,0.0,3.2
140000247,Justin,Gaethje,The Highlight,Lightweight,1988-11-14T00:00:00,71.0,156.0,70.0,23,3,0,0,18,2,1,1,6,1,0,6.7,57.2,0.0,0.0,18.2,18.2,3.4
140000180,Saparbeg,Safarov,,Light Heavyweight,1986-10-14T00:00:00,73.0,185.0,78.0,9,3,0,0,5,1,2,2,0,0,0,3.5,44.7,2.2,0.0,0.0,0.0,7.2
140000070,Ricky,Simon,,Bantamweight,1992-08-31T00:00:00,66.0,135.0,69.0,18,3,0,0,4,1,1,1,1,1,0,1.8,37.9,4.0,0.2,2.8,2.8,18.2
140000343,Ryan,Spann,Superman,Light Heavyweight,1991-08-24T00:00:00,77.0,206.0,79.0,19,7,0,0,6,4,12,2,1,2,0,4.2,51.2,2.0,2.0,9.5,9.5,9.5
140000207,Marlon,Vera,Chito,Bantamweight,1992-12-02T00:00:00,68.0,135.0,70.5,18,7,1,0,8,0,9,0,0,0,0,4.8,59.4,1.0,1.5,24.9,24.9,9.0
140000166,Ben,Rothwell,,Heavyweight,1981-10-17T00:00:00,76.0,265.0,78.5,39,14,0,0,16,3,7,1,0,0,0,1.9,35.4,0.4,0.2,12.3,12.3,3.9
